Date,UBS log_return,Bid-Ask Spread,volume,VIX,EURCHF,oil_log_return,gold_log_return,DB log_return,MS log_return,SPY log_return,^FTSE log_return
2021-01-05,0.022146212991157307,0.3869022170937384,3584400,-0.062340930777420096,-0.0019061313577822155,0.04736921199584524,0.0041053068384807835,0.018450690868085762,0.016833890994767273,0.0068637194394418535,0.006128552311137965
2021-01-06,0.0329885668203282,0.8034795366808349,5241300,-0.010712280917359632,0.00040745404107400695,0.013922276453716168,-0.02373410559741736,0.05252655248384087,0.05854856950427616,0.005960712786412728,0.03413393512330993
2021-01-07,0.028722573400967042,0.8442749909442362,4618000,-0.11395108697919597,0.0031243990445817523,0.003942460403614052,0.002827831959051613,0.012925692406656844,0.016956429854727208,0.01474820687893387,0.002204571736359204
2021-01-08,-0.01621832503866716,0.10641658861330855,2133900,-0.03688109174802423,0.002387538728579323,0.027361749616170234,-0.04175284695685238,-0.0017138356922377668,0.0041280776852984655,0.00568154407760871,0.002374283530075448
2021-01-11,-0.003931880595712694,0.30891580277057656,2451400,0.11054189600223237,-0.004133389446477783,0.0001913737468295353,0.008415501632621867,-0.0008580205683798363,0.010706566772702328,-0.006763647820053983,-0.010942312218699278
2021-01-12,0.008499568517422779,0.8693316550967283,4100300,-0.03164153450913615,0.00010161463682733047,0.018206440557430974,-0.0036289551927895197,0.013640518472370394,-0.0034241374927051313,0.00021119682482293237,-0.006552257260161277
2021-01-13,-0.016409951804694907,0.9735746514916032,2796100,-0.0491974860781978,2.7771401255245046e-05,-0.005653977370225007,0.005789249861381841,-0.007649858807002445,-0.0031713225865032356,0.002689359178759961,-0.0012741264567076914
2021-01-14,0.00856678167691789,0.3581784124684377,2441800,0.045762535348432325,-0.0025917907708497326,0.012396850163976169,-0.0017818664700341759,0.03438492545760005,0.011971512696818136,-0.0035081264856747932,0.008341070688268878
2021-01-15,-0.007243999875901149,0.9430169011147957,1786100,0.04581596179503342,0.0004354505888734701,-0.02284625149757445,-0.011414407787474065,-0.04295399081534524,-0.01621554697868593,-0.007319379326411214,-0.009794918457259055
2021-01-20,0.0033500997290925585,0.4024358575887409,1547100,-0.07410796584050658,0.0017177033270344424,0.00489554984972133,0.014249727942710165,-0.012522555901029096,-0.00200229035305311,0.013743811934587761,0.004073310899437706
2021-01-21,-0.0013386550869709803,1.0119700973257453,2223600,-0.012121371311005128,-0.0005103873446246648,-0.0020682644866759792,-0.0003215992599331132,0.006280922274133908,-0.0018724011881207227,0.0009112405658674767,-0.0037158740660466734
2021-01-22,-0.003354594895671835,0.46034580799873626,2942200,0.027297561659488975,-0.00018556945781342246,-0.01631915908415263,-0.0051599671898233754,-0.026281526552241807,-0.007659779667508892,-0.0035456950282216223,-0.003027451652400399
2021-01-25,-0.02380257789143325,1.8627935867078866,5256700,0.05677802765401989,0.00013920798425619944,0.009520254609766446,-0.00043115764322087933,-0.036469711307814554,-0.0238902914288465,0.003936063384946354,-0.008429657733141189
2021-01-26,0.027826692413442593,1.5054896197566172,3954400,-0.007357751117878455,0.0008720985925646661,-0.0030366287481197332,-0.002266879894457694,0.016060815300507007,-0.016296735051588365,-0.0015621500362329908,0.0022719051918209873
2021-01-27,-0.025764080029509324,0.6580623082055804,5011100,0.4802140945749818,-8.347176660812942e-05,0.004551456100213201,-0.003138830803113128,-0.036263526325215296,-0.03996809234983084,-0.024744086832159302,-0.013100176498600756
2021-01-28,0.037078681974721424,1.0480821587601534,5087700,-0.20840455266105468,-0.001949581334809076,-0.009696783427044539,-0.0038014599418898284,0.019249854450386048,0.013068307657506942,0.008563429768650509,-0.00629312682451587
2021-01-29,-0.04882320880538664,0.5761900625787894,4469300,0.0910581614516798,0.0008824084774861046,-0.0026783905130293812,0.005101511241647846,-0.03590874803822708,-0.03329480520264059,-0.020222696473238034,-0.01835569501707922
2021-02-01,0.01722398722647047,0.8621996808117514,2134800,-0.09006558280233154,0.0032814021535304667,0.025533273142231104,0.007281389008044573,0.02440335865473912,0.00920426794320083,0.016508490980280167,0.009150345079303622
2021-02-02,0.013568716037264268,0.789412346343711,2134900,-0.16813693512742764,0.0011653893724536907,0.022344187122395973,-0.01641737544450263,0.007684948953012297,0.04733243740771034,0.014041184037211234,0.00774861847537821
2021-02-03,0.006046383970102229,0.418005685353965,2018600,-0.10945511880997491,-0.001026618071856802,0.016840603173096404,0.0009282503708198232,0.00857557933527904,-0.004945237707075134,0.0007860055760847452,-0.0013667153457603623
2021-02-04,0.0026755842775930396,0.21719928416788478,2551700,-0.051040593531359875,0.0008878789676540118,0.0096498412211802,-0.023916484486413037,-0.01241067152490002,0.023655696790672462,0.011301605342968764,-0.0006301517135856349
2021-02-05,-0.0026755842775931264,0.34748582495501207,2800400,-0.0422201349721882,6.468853821108924e-05,0.010965779192911567,0.012223053284327792,-0.008683137486939108,0.012782804686954261,0.003928132782375852,-0.0022166391936190833
2021-02-08,0.02709117389462984,1.860124078536593,7188100,0.01757342429621931,0.0013025776532842581,0.019509463053032146,0.011529720189568878,0.022989587532424763,0.013699801989055658,0.007195986710037045,0.005256405165859978
2021-02-09,0.0,2.169434008712824,3140700,0.018195015567699823,-9.22302812475768e-05,0.006705077703834748,0.0018542895508146806,-0.008559267627915115,0.0001346333504258853,-0.0006660427582991057,0.0012409094737035943
2021-02-10,0.005849880266980227,0.8472430356811163,3233900,0.016506592992762147,-0.0015523514054629798,0.005468224362485355,0.0028836096711605716,0.011396123635362753,0.0012116036680405713,-0.0004357475256623747,-0.0011029712074827253
2021-02-11,-0.008460845288428928,0.45137670397807506,1709300,-0.03423089878779304,-0.002314547347655528,-0.007526525767200488,-0.008566387767498546,0.008462688084567422,-0.00824051401106427,0.0016137630790994486,0.0006588922312943654
2021-02-12,0.006514643784101049,0.39874262396493926,1279500,-0.062125782326553906,0.0008060421120121559,0.020899571536612125,-0.0018099820260787875,0.01947210636473271,0.012000405303717716,0.004927623881120012,0.009315097180428545
2021-02-17,-0.015248057474640902,0.1558559289798229,2395200,0.0018622405931039336,0.0005370285144385519,0.01798877065891413,-0.014629062349107949,-0.007073408867500168,-0.007920914067171426,0.00022945839907117775,-0.0056464585673770325
2021-02-18,-0.016134586980205243,0.4151870388232039,1759100,0.045017820660557956,0.0017389194603610457,-0.010192409995840137,0.0012978130348198413,-0.008912748758214744,-0.008251246204643856,-0.0042650864514255605,-0.014060706337634983
2021-02-19,0.00971199414538276,1.3864039899484488,1788500,-0.019758188501749405,0.0010805729166362963,-0.02137687875106325,0.0013524313819186311,0.040356356459356854,0.015514441724537472,-0.0017675379341602648,0.0010270678163522412
2021-02-22,0.013440143718717629,1.9604220034947064,2060900,0.06155796013459353,0.0036765754868181215,0.03727756952902632,0.017250896659106188,0.030484973579307732,0.018253460023547833,-0.007721449861292021,-0.0017829600095639253
2021-02-23,-0.007657975435301658,0.3313820785231466,2423900,-0.014605076730018152,0.0022416367501739607,0.002922972050267851,-0.0012738096892075683,0.0033305578396502613,0.0012911360494222526,0.0012136425422739111,0.0020697398902835814
2021-02-24,0.02217388187825372,0.18500245431172604,1917400,-0.07968219767307105,0.009225922645906368,0.02482316678405671,-0.004443464260402694,0.03351354579010802,0.0302475378044614,0.010959056064222558,0.004983126164807071
2021-02-25,-0.01007564230707611,1.0173848991558885,3023700,0.30291224032747205,0.003286128246198842,0.004891489967564365,-0.012322324448977169,0.024614218024648308,-0.01831896304812833,-0.02439082995098161,-0.001051761797804124
2021-02-26,-0.017880407854593636,1.2675971082306514,3099400,-0.03307826645371294,-0.002086625647286658,-0.03247504125137617,-0.02643982642289971,-0.038373975574063114,-0.020090792024374172,-0.005165940747434498,-0.025672512273359305
2021-03-01,0.018513133512446787,0.9257669158968896,2231700,-0.17982022644574985,-0.0038124457059328584,-0.01408244354352033,-0.0032458010444414774,0.028917649393066205,0.029355447905223014,0.02395106712203497,0.016080655945847885
2021-03-02,0.010695233929490145,0.16007142211216455,3143800,0.031614855873289195,0.004901616143030613,-0.014785540457331867,0.006134974480583479,0.0,0.02038203982732031,-0.007833823617744123,0.0038326406809611325
2021-03-03,-0.011961085840434803,1.419344443518502,4043900,0.10132748472935964,0.0032514648212782805,0.02528431470062549,-0.01032367748638774,0.015711227257579518,0.015597450438758478,-0.013334212282538064,0.009285762163881543
2021-03-04,-0.025009341202834785,1.2916331259657545,4839000,0.06881786450640696,0.002158808845616645,0.040769822442147795,-0.008842158417799017,-0.03894014183846903,-0.011644391655323268,-0.01245201827778602,-0.003691938674956223
2021-03-05,0.014824667106439295,0.9452780538601724,3885800,-0.14717471401246487,0.003350912114932998,0.034794066117021245,-0.0012947745929176705,0.029543057360149266,-0.0029633045365799146,0.018229412041131186,-0.0030719530375398515
2021-03-08,0.0031938826297416905,1.3548241686539366,4143800,0.0323187704838435,-0.002512077080887073,-0.015861142198869006,-0.012027309199143453,0.03403264141197021,0.0028399812359252378,-0.004991200397351102,0.013274015393007613
2021-03-09,-0.005756341527768408,1.113061834392701,5048200,-0.05819818370948532,9.016352004065798e-05,-0.01611689734524773,0.022921797389633937,-0.0356074809550943,-0.0030873751564294,0.014176548996697468,0.0016654586377592361
2021-03-10,0.004479987961623962,0.3920131209759906,2277600,-0.06312467536579736,-0.004635185973506869,0.006695241667977896,0.002850427716795303,0.010192179028286692,0.02732874645272578,0.006205293537590554,-0.0006985348072533417
2021-03-11,-0.014795994665708455,0.7188729659461299,3931900,-0.029235256314019607,0.0041573019137440695,0.024223079382547866,0.00046463141365605257,-0.022082895525109416,0.0019238152576728951,0.010088099450077105,0.0016935666194927744
2021-03-12,0.001295304845306119,0.43037609257574405,2526800,-0.057292629073265676,-0.0006857314466521437,-0.006229542918315965,-0.0016270843199136934,0.014252046742055354,0.013008076037070273,0.0013458750409823536,0.0036300369527546682
2021-03-15,-0.0032415063496341566,0.29294503176400166,2870400,-0.03241933361122549,0.0022717798841748985,-0.0033588004203430662,0.005451831359562948,-0.017446934596551264,-0.005707455876786583,0.005945862646910351,-0.0017466705424961512
2021-03-16,0.0071175072966750555,0.20267124430284994,2278100,-0.012054378081987694,-0.0038433354454341356,-0.009063681785908707,0.000982772833472422,-0.009646367807789399,-0.015865713604478013,-0.0012621164725121602,0.007953809822632553
2021-03-17,0.015355373326145297,0.5479485354629842,2920300,-0.028705270080567794,-0.0048930346579963615,-0.0030912632851165392,-0.0021981421073807767,0.017614567732341067,0.01586571360447798,0.0034040808005609087,-0.006029650733927635
2021-03-18,0.016997604943081935,0.2586033066454862,4567800,0.11529542049856295,0.0036810271948895935,-0.07386982494603866,0.003122235750465632,0.02662641241207207,0.0009535379697427279,-0.01465654612606892,0.002510634516672779
2021-03-19,0.0006240392417650516,0.19113254074625474,4903000,-0.029628273509284025,0.000144772020460131,0.0233909229785483,0.0052971527058642155,-0.02187585198160518,-0.011984802736532742,-0.00512191230295539,-0.010527661352948421
2021-03-22,0.00435728622769955,0.3382987374446797,4628000,-0.10403556651887166,3.6243663565458025e-05,0.00211435503437142,-0.002069427911533476,-0.003957281912675766,-0.012374345314591237,0.007953256654126096,0.0025902747630137542
2021-03-23,-0.02452184098846219,0.3471544743899447,3362200,0.07251773219808452,-0.00305403322456463,-0.06355337470977825,-0.007566879516500325,-0.025704202276558223,-0.034777416910868726,-0.007901935661560477,-0.004007349966882343
2021-03-24,0.004445843800023775,0.49368821736024976,2277200,0.04338036920115944,0.004202578733297115,0.0575238781856778,0.004743225748486408,0.008910521373262818,0.002650668366815544,-0.00509643329642724,0.00204288839123195
2021-03-25,0.017588376768965693,1.041050664023027,2977200,-0.06781438391420827,-0.0009133172313329071,-0.04376845060685628,-0.004627227810274516,-0.004850411004754062,0.010033891118000272,0.005609811654463194,-0.0056918217991399865
2021-03-26,-0.001246015748584729,1.3488800811281247,3629000,-0.04914352418393228,0.0008319685060578343,0.04033006683703419,0.004223156783957694,0.0008100631196739899,-0.0018736361225682476,0.015986489004367232,0.009809744191949393
2021-03-29,-0.028455966658897127,0.2983692985167725,3544500,0.09502088219807715,-0.002124221881331766,0.009630371337751558,-0.011671575757386563,-0.03292483154577978,-0.026607500153682854,-0.0005052344367457635,-0.0006529595162693049
2021-03-30,0.00064124585144455,1.1553471515454188,2480600,-0.05602452043285265,-0.0009959380842099943,-0.0165428738799043,-0.01660812683626846,0.01330026679820616,0.015417252991108858,-0.002656483529543106,0.0053152485634830994
2021-03-31,-0.004497318742468857,0.14889729964891868,2795900,-0.0107666249268658,0.0025511045987582936,-0.023223822135586915,0.017600609611377438,-0.009124879426648858,-0.018246026769069574,0.004045148971267885,-0.00867591094277753
2021-04-01,0.020395904424570042,0.7379727716233682,3430600,-0.1128339470808001,0.002328331839415939,0.03797821316429917,0.0073830821038836664,0.009950321410848074,0.007185013474200247,0.010741185232806828,0.0035238878778570447
2021-04-06,0.013647812016910947,0.053104208434000946,3241500,0.011657139377224394,-0.0007597358089381816,0.011527510016582785,0.008361011659377205,0.004086657930203078,0.013877571538668549,-0.0005907597654681743,0.01272798393209452
2021-04-07,-0.0006163469677096402,0.32249297549470257,2583500,-0.05443526176239321,-0.0017751088516945537,0.007388759362158414,-0.000804242014787378,0.016983831928585772,-0.0006323332055590336,0.0011566272792055982,0.009001469713728697
2021-04-08,-0.0018512056775790565,0.9369394666465805,1756600,-0.01231320633011249,-0.001896264996517653,-0.002848322025607309,0.009551431317729613,-0.008860356853019951,0.014569411797923879,0.004735548127749245,0.008230079450352822
2021-04-12,-0.0018536110261095585,0.14887381671512417,2213300,0.013095384214556818,-0.0018005354653758028,0.006385521052948414,-0.0069651153108131235,0.006472508512690916,-0.0067122801475439225,0.0003645218005266528,-0.0038681541353537607
2021-04-13,-0.03332592123850824,0.1373396446837833,2138500,-0.015494960371601146,0.00126439943540003,0.008008043094837287,0.008627188966826281,-0.009724540873323811,-0.008139817400414874,0.002959300408599511,0.00020318475698067554
2021-04-14,0.009545068782908702,0.9036561612367556,1447600,0.020214728696920783,0.00509557776137483,0.0481727966863204,-0.006492181509603616,0.007302276178928406,0.015718913203724146,-0.0034209812419999062,0.007100498709290149
2021-04-15,0.0044233687079613575,0.7337971323428439,2417900,-0.025031109191174968,-0.0019735843180421118,0.004896898768938579,0.01742751851072938,-0.006488256678867559,0.00037124905053068964,0.010685163961720182,0.006306073721336296
2021-04-19,-0.010608588038078156,0.5569591035831052,3051700,0.06203544387071455,7.26015062155503e-05,0.0039522618165029255,-0.005410888818616735,-0.0023932785412444702,0.018157130845453874,-0.004925156345594385,-0.0027675418116162418
2021-04-20,-0.023485680791643006,1.29471553287079,2350800,0.07732509649126852,9.077151738840353e-05,-0.014942297461873543,0.004454866391931009,-0.0449238603564927,-0.03483695616175278,-0.007348477578193882,-0.020231598481995832
2021-04-21,-0.0070899206189254825,0.010350464905018519,4031300,-0.06525256820826134,0.0014691573702296365,-0.01761092736824245,0.00840435224167868,0.0,0.025042819793257346,0.009417614757574543,0.005147141626733584
2021-04-22,-0.017618756643593254,0.97339616306718,4225200,0.06685721042401424,-0.0014691573702295397,0.0013031738584801656,-0.006212471446331363,-0.023669802289431243,-0.012187520143515054,-0.00917508507407662,0.006202411270622253
2021-04-26,0.003256283611440886,1.4619182900135046,3065600,0.017729916653121687,-0.00017199535806002546,-0.0037081790762324026,0.001237248457746213,0.02164949034407188,0.0070167053108546335,0.002085444856357964,0.0035247523714655614
2021-04-27,-0.010457601540250413,0.9399120660969315,4106800,-0.004545458184549777,0.0002806371549963541,0.016500154750742322,-0.0006746605385477973,0.01715028005057821,0.005382964465077706,-0.00021552654317645608,-0.0026028153015350583
2021-04-28,0.021450280913011377,0.4386264878871161,2947300,-0.016073754681327553,-0.0018297118809207972,0.014511327027076103,-0.00270334073967916,0.10519854779825738,0.009351021578788737,-0.0002874410014608353,0.002688994128544557
2021-04-29,0.002569041966083473,0.15351874975563448,2537900,0.018917154055148863,-0.0009887566510433897,0.01784794023211919,-0.002880286458205009,0.03438730941470218,0.010939533483997241,0.006352572384720713,-0.0003160019676484858
2021-05-04,-0.023716504265574045,2.1219109773676115,2969500,0.06194094519634577,-0.0014658123604508783,0.01843660417265264,-0.00874639757494062,-0.025056591647161394,0.00218050124964598,-0.006188446669683702,-0.006708383233678184
2021-05-05,0.023716504265574045,0.6998307587650292,2835800,-0.017085579008662154,-0.0010391775622190164,-0.0009138774338097392,0.004663019601775825,0.014079560902030833,0.022376078408517575,0.0003127485587299854,0.016630586962299267
2021-05-06,0.019342975451074117,0.26326166184845956,3649200,-0.04049569027965366,-0.0012776583343191066,-0.014117131715124444,0.017446839157978355,0.020393986684766864,0.027082309326132096,0.007953869811847956,0.005228362393589149
2021-05-10,-0.02369626595159825,0.421137891137611,3849700,0.1637763372852811,-0.0025217950067033994,0.0003080672203291072,0.00348908627232722,-0.02144472353401766,-0.014124317491032518,-0.0099517348420575,-0.0008419044143807019
2021-05-11,-0.020956932590060477,0.2641050011870454,3675000,0.10515705090564602,0.004090064039037638,0.0055299775147506355,-0.0008711143226879709,-0.0028943552301342276,-0.018087931816468197,-0.008964816426748644,-0.024973432405641087
2021-05-12,-0.009976778466826637,0.6185487422259386,2391200,0.23371023589641604,9.123284903852946e-06,0.012180464966032653,-0.007270798097461684,0.0021715341755868447,-0.014709611309390675,-0.02147416122439174,0.008113241651507471
2021-05-13,0.020510174112252647,0.3214409735868658,2219700,-0.17632295379972707,-0.0034590144728581583,-0.03479954085411063,0.0006582236054636419,0.018625196579992887,0.014002843003080833,0.011940940721582477,-0.005913618169717113
2021-05-17,0.005793395893012646,0.29810126713706947,1901400,0.04724469943401588,0.0026353515559213916,0.0136737758041529,0.01597700925187108,-0.005571039869659675,0.008435958437838153,-0.0025477662854817987,-0.001520292313208018
2021-05-18,-0.0032144155794767825,0.52767888795927,1433000,0.07894993866919349,-0.0010569806478888737,-0.01183982883395468,0.00016065581069687392,-0.002097150949052706,-0.01279573191175731,-0.008653007871549625,0.00018487008174064137
2021-05-19,-0.0006440757160557214,1.1712110590133322,2948000,0.038607742657343125,0.0030947933394995415,-0.03306466947153175,0.007201759353874979,-0.0014005257048005611,-0.010634687515099507,-0.0026252253916854364,-0.012013530494777335
2021-05-20,0.014710821021487767,0.6099861376965111,2845500,-0.07050761829654915,-0.0028577960902641713,-0.020892257784187393,0.00026573834868414716,0.006983228559567887,0.004868988966925048,0.010700500368250966,0.009964235537516962
2021-05-24,0.006907384364921437,0.9843697883828725,1629300,-0.09085362557830234,0.0023027938783477427,0.03811309289020441,0.004200694538999657,0.020161986600920195,0.015166342636740748,0.010142660245797856,0.004762015230029319
2021-05-25,0.0006256008397104669,0.7539551637475692,2366100,0.023631633364472257,0.0010490944380970014,0.00030270425073261365,0.007137789140429843,-0.014070586722712462,-0.009297202973957155,-0.0022211905080248458,-0.0030963271460212167
2021-05-26,-0.0037593694525453443,0.2065771900444609,2016700,-0.0818135328566583,-0.002090141422719415,0.0021167136863074172,0.001684515438402536,0.004040437820084834,0.005499120151439103,0.0019825807983610447,-0.00041260074488742984
2021-05-27,0.01865721024245742,1.0870713603347537,3139700,-0.03636769300212449,-0.0006489299965170499,0.009619785613413053,-0.002949750706768753,0.010030148902627383,0.010576269690817661,0.0005248371143392543,-0.001025117482051015
2021-06-02,-0.003645172067990419,0.2427758824557823,1851400,-0.02374334749601523,0.0007206155000808229,0.0162581477221648,0.002414433020726898,0.0013184219222287302,0.007032013790504718,0.0015713649531690686,0.0038763836114284102
2021-06-03,0.005462845179018381,0.3210909070888599,2041000,0.0315342213447932,-0.0007114781467325255,-0.000290675278850572,-0.019213573983194728,0.0006584969118554253,0.006340318224965502,-0.0037182681475316022,-0.006152837276040744
2021-06-07,0.0,0.4355282438317184,1332400,0.0,0.0001828456962856946,-0.005617578654828633,0.0036972523073180667,-0.0026490056620132535,-0.008014147796048355,-0.0009706641654231755,0.0011593496653187854
2021-06-08,-0.0012149789081896834,1.2677478394446602,2075000,0.03882241025776176,-0.002196030413589039,0.01177497316892472,-0.002428134028169905,-0.010666757631380046,-0.0045161170191173605,0.00021314277144534677,0.0025260418551438877
2021-06-09,-0.011002574224287952,1.043120316625254,1572400,0.04691934447526731,-0.0006046919515882949,-0.0012856792844758449,0.0005283457753793965,-0.021681045046795876,-0.001294109392019721,-0.0014930266854129297,-0.001989278039642921
2021-06-10,-0.005547018874747665,1.2031567546313922,1954500,-0.10542256771952595,-0.0018439668096548983,0.004705917148853904,0.0005280667735240403,-0.019364414621012484,-0.010740519544592141,0.004637614499841,0.0010163164939455678
2021-06-14,0.0012307975562154533,0.4642095728457488,1421700,0.046200462905372656,0.0026269791210940595,-0.000423251413295855,-0.007163137661542878,-0.01278428676977596,-0.014554087397184575,0.0022364551356958834,0.0017646211230978033
2021-06-15,0.006742324453552637,0.6892011653087263,1625800,0.0377177945243885,-0.0006423110115184949,0.017343168871537588,-0.005109598315890978,0.010664912431676546,-0.00022052996079701157,-0.0018358532711675475,0.0036035298416174093
2021-06-16,-0.011674512157948494,0.01843932852644587,1952500,0.06428138965238342,0.00037622641199791816,0.0004158699499665965,0.0026925164354793135,-0.027968860636097465,0.00440046404205144,-0.005599007397880924,0.0017412506576055377
2021-06-17,-0.01871546746604564,2.0562437195152823,3036000,-0.02228502377181922,0.0030599048546036084,-0.01550419479717718,-0.04718346889536021,-0.025784145623605193,-0.035644181995848574,-0.0003316845189309103,-0.0044077650272064265
2021-06-21,0.004500148607079923,0.8894881986395616,2038400,-0.14589187372458623,-0.000712576648065849,0.027806392060501745,0.007831701368745038,0.01837729558394141,0.02176179646018712,0.01421443907866227,0.0063637205779584404
2021-06-22,-0.010964319774324232,0.15194698482472338,2283300,-0.07123123582395531,0.0020267284241820963,-0.008178972782628923,-0.00309153999585223,-0.013751194767283951,-0.002796616761155763,0.0053319558957808455,0.003914590712177001
2021-06-23,0.004529266569764162,0.19366215742379836,1878600,-0.020619296743295247,-0.0008485232197753467,0.00027376861460828335,0.003372115731426366,-0.0030816635939688655,0.0019817666757857275,-0.001206038275566232,-0.0022450997822257013
2021-06-24,0.010915041166184053,1.0735324949642764,2013600,-0.021679351888891696,-0.0003195384742368049,0.0030058939611201088,-0.0037663122158099844,0.020619249658867134,0.013992700723873507,0.005898330097850598,0.005062003053339038
2021-06-28,-0.008325383493851935,0.6291614586774749,1649700,0.008922961867715495,0.0021811699742143157,-0.015514727879787098,0.0016871946194519283,-0.016667072354806012,-0.007950122324229049,0.0020139007430977347,-0.008881704263403354
2021-06-29,-0.004511812300866635,0.0025732853622591283,2066200,0.016362871262031953,-0.000930350906788907,0.000959622960150255,-0.009485124546020829,0.0015266800091176477,0.03297374540550935,0.000537930442515654,0.002062074026389405
2021-06-30,-0.009085032704114567,0.3582908932691213,2240900,-0.011931101141382797,0.0006112348988914645,0.00669169924087882,0.004527967765016482,-0.0022909313915727195,0.011517738702602373,0.0008413231950273803,-0.007093798614433627
2021-07-01,0.008438875959878774,0.5926330992176977,1955700,-0.02235803048305722,0.00012761514593874829,0.023672955947228704,0.0028759009759461445,0.005337389418485939,0.0035925595582898357,0.005521325035644419,0.012384829881895031
2021-07-07,-0.007267931462615396,0.6584160388622755,1567000,-0.01470613277992456,-0.0015104345989548796,-0.016075166529910305,0.0044506332158106765,-0.016861100486802057,-0.001997340958165045,0.0035278257625641373,0.007030684241708535
2021-07-08,-0.026883313545619836,0.21328981500349098,2777800,0.15942768983307518,-0.007254424171196069,0.010197215221299714,-0.001055246787513598,-0.02791643881272588,-0.02690542679857465,-0.008181371774258997,-0.01696590516335476
2021-07-12,0.007978821553023952,0.7296073128178462,2860100,-0.0006182521843864019,0.0004607324034818115,-0.006188625923269611,-0.0024892835423589803,0.0007965136732351854,0.02643805005506665,0.003575519743758136,0.0004913211792252733
2021-07-13,-0.003316765215476726,0.7485236045599977,2274000,0.05708974142698163,-0.0032113029457551787,0.015400391919102164,0.0021577503670339305,-0.01929326111441286,0.0049473007633202655,-0.0034147884341721576,-9.820380587041587e-05
2021-07-14,0.002654279023314883,0.106161995060067,2574400,-0.04724351742387486,0.000258786585414509,-0.028577261903654064,0.008201066475030334,0.0016220975079368634,-0.008078893592660301,0.0014911026849908,-0.004713041184880997
2021-07-15,-0.003984096893117225,0.005310462318781404,1614900,0.040797517553130096,0.0016987921422360979,-0.02044546615486415,0.0022449022507048935,-0.007320093851812859,0.001836924956624024,-0.0034213749975135267,-0.01123163917467032
2021-07-19,-0.02244228329418461,0.5011206277499695,3500900,0.1984508973721072,-0.001568089287520609,-0.07802551974330925,-0.003201619485910015,-0.0169351896881963,-0.02104176793471188,-0.014878052663657744,-0.023635851465817242
2021-07-20,0.04898667972673005,1.1977056541036792,3973600,-0.13137501237725321,0.0018537112972971301,0.014943494266210987,0.0012156445618103438,0.013571018113120644,0.032699574926270264,0.014228704817839114,0.005347751670468917
2021-07-21,0.03411980289623254,0.8539704543019924,2822900,-0.09678108928020436,-0.002989777271226537,0.04183015958012362,-0.0044274796393197775,0.04770640861025985,0.03574849393770869,0.008063698904327666,0.016888697431225046
2021-07-22,-0.006986412104019818,0.8021331410882893,2506200,-0.01235966919142029,-0.00012009013164409238,0.02264354581357599,0.0011640986772757504,-0.01374870661666799,-0.0011503333069969122,0.00209193920915645,-0.004295969953666171
2021-07-26,0.017424136189156926,0.3428196332760966,2500700,0.021852459740864652,-0.0015809494134122457,-0.002222476661224478,-0.001499999314886413,0.009607750701619436,0.020828612334624054,0.0024518414542579526,-0.00031312820472176767
2021-07-27,0.0,0.3642049604443748,2609700,0.09644722545763794,8.327020519114654e-05,-0.003622212470222602,0.0004446939315025321,-0.0023932785412444702,-0.0006216719427833344,-0.004567986877577146,-0.004179274305055571
2021-07-28,-0.0018523487767710682,0.035756003025839096,1784500,-0.055761783855972864,-0.0030948071239751867,0.010274984303148497,0.0,0.0015961299282058632,-0.004258678527913564,-0.00041015036141902467,0.0029259192502959688
2021-07-29,0.020795865310854852,0.9724131554808432,1811900,-0.03388264683517473,-0.0005569504050340555,0.016848605384811782,0.017462614454720644,0.02830374963357797,0.002183510991144051,0.004138831952258488,0.008769095524012374
2021-08-02,0.0036342482434585962,0.39515598469848806,2316400,0.06474405761339283,-0.000297812478059299,-0.03705395773328977,0.0030297211452917027,-0.008831900927426802,0.0026013228473460524,-0.0021002482810405123,0.0070002256420718485
2021-08-03,0.00962702015984369,0.2302837287485456,2075400,-0.07576946432690278,-0.0016857255227390568,-0.009871813057557594,-0.004409907432068376,0.004827074573558966,0.0038375311698346137,0.008102549274361074,0.0033832868929412076
2021-08-04,-0.0060060467651042275,1.405070670427156,1889300,-0.0038879027995192016,0.000288872360979172,-0.03475219656555923,0.00022097134087597074,-0.011299583086249815,-0.0032142446624107692,-0.004931060854894027,0.0025580082125080347
2021-08-05,0.008398333045977714,0.16551661213198335,1882200,-0.03915385947247127,-0.00037277208696544917,0.013698768963242736,-0.002987071836327456,0.018496747441177835,0.01586681642582281,0.006312891310267438,-0.000491424656659525
2021-08-09,-0.0017777059079791522,0.34706856797455854,1650900,0.03468554054099084,0.004748612120683485,-0.02671567900575555,-0.021014711060311712,0.007843207380680344,0.010076351038124655,-0.000813875728381726,0.0013047506729749589
2021-08-10,0.004143225395915029,0.32366588625464787,1539200,0.004177959028340658,0.0007676090964481992,0.026862155336878128,0.0031284564647309984,-0.006269606921925834,0.012821983133731082,0.0012431773269283135,0.004015900355610987
2021-08-11,0.008235304757663367,0.9087302197739193,1465100,-0.03762584731032467,0.00037906662351386397,0.013959788687987345,0.012416792738750166,0.017920194512178984,0.01787145810874663,0.002481796536168155,0.008219180725137488
2021-08-12,-0.0005860081695817492,0.8619641163234215,1106300,-0.03652798545002149,0.001126874329407619,-0.0023131955716578436,-0.0008001511567647293,-0.0077519323893972415,0.007576166018599485,0.002992468333533074,-0.00373265428865573
2021-08-16,-0.0029249008057898474,0.014669611441688088,1274400,0.04245179814165022,-0.0043726393570447586,-0.01694583389028159,0.006569223434738159,-0.01790631725769337,-0.002118860629226639,0.0023518871523535295,-0.009003267510791033
2021-08-17,-0.011785572623482263,0.7917099948852324,1788600,0.10529841841281065,-0.003252402450462721,-0.010457289678278662,-0.0010638733336789578,-0.022240769019227332,-0.008228890597198092,-0.0065768132903881865,0.003780947430557112
2021-08-18,-0.005349204345434518,0.6249785198673736,1698200,0.18594423869998947,0.0021446452744549676,-0.017115106040668182,-0.0019065919740294643,0.0,-0.01577459420422994,-0.011005332567218307,-0.001644594674536151
2021-08-19,-0.01199059685394651,0.6021371934092541,1917900,0.004625372816078682,-0.0005776700642831132,-0.02741171226581605,-0.0007861331433283399,-0.016194670599911226,-0.015224919564257405,0.0015471260202361639,-0.015518775426849438
2021-08-23,0.006596647714195054,0.5962675850999731,1561900,-0.07901054721458205,-0.0014271070774714645,0.05190286025784301,0.012387832917253414,0.008110375526486724,0.014791709841893562,0.008758054757839811,0.002972495874116614
2021-08-24,0.005959516032616415,0.7097424744861228,1311800,0.004073307755883778,0.0016600763654074546,0.028534771589336656,0.0013300957751088253,0.012043471096352811,0.009062110013786581,0.0015861657791226762,0.0023603861969128622
2021-08-25,0.010050340386712662,0.7039444148328661,1623000,-0.025287933507119265,0.0022431468128487836,0.01206783866312314,-0.009683432986547027,0.011900225479751173,0.009653516760359688,0.0020961617618364863,0.003404383135865657
2021-08-26,-0.01600985641932918,0.10928066977769245,1216400,0.11519875162978145,0.003119115322352741,-0.013846184528890084,0.0022343882098449877,-0.032054072102590946,-0.0024046566562998793,-0.005920666684245556,-0.00351663012541038
2021-08-31,-0.0006000737596644251,0.17777966636153794,1394200,0.01775369602797844,-0.0009061754194515573,-0.010311602357340006,0.003311261303656005,0.00976418169271499,0.003261119068524833,-0.0014826752766506047,-0.003966980159768412
2021-09-01,0.005387630691315869,0.9621494274174587,1511600,-0.02270726162901823,0.0028636457661150336,0.0013129528517474968,-0.0010473937325584054,0.012072550346032546,-0.0011497821311718512,0.000531328028499354,0.0042187398321085565
2021-09-02,-0.0005972068824963322,0.17038535912382793,1123800,0.018450660728144403,0.0015577106708391426,0.020205646059582433,-0.0024297457991778355,-0.004008036717608227,0.004972796648791624,0.0030718919689984346,0.0019701548175037873
2021-09-08,-0.007805453189304235,0.34598246654192066,1577600,-0.009972399142124519,0.0006150986551656796,0.013803409387297648,-0.002899725043928858,-0.005483809216858111,-0.00587246559213599,-0.0012189852589251802,-0.007567643149030344
2021-09-09,-0.004833841604674417,0.5048576300871742,1421300,0.045709817355874635,-0.005429967747160086,-0.016880546957262165,0.0037346122321662177,-0.0007857977050677342,0.0026035080347103735,-0.004289403379351001,-0.01009942275525329
2021-09-13,0.011421742689025063,0.2827871184298336,1784000,-0.07841316203994701,0.004417014585034028,0.010415956866150763,0.0013401970011455836,0.030199692682948396,0.007499302171302028,0.002555962345060828,0.005561203011438998
2021-09-14,-0.009609674615783183,1.3389843769483416,1546300,0.004635508965875068,-0.0028964745086876814,0.0001419648928943086,0.007062031376286556,-0.02003143056016652,-0.024139583288894727,-0.005411123266716993,-0.004864367639947406
2021-09-15,0.008413474797008422,1.8385949945616467,1469400,-0.06803892417555255,0.0008744081582912866,0.030057501878527924,-0.0068388283782960125,0.014677712545537078,0.011027164465866057,0.008317948028820436,-0.0025052462868707854
2021-09-16,0.001793763570466925,0.4885825487526008,1770000,0.027666544506303185,0.003746819683400527,0.0,-0.021314620752901005,0.006116221220186421,-0.0055471865167959315,-0.0015864847538577863,0.0015665055894964397
2021-09-20,-0.0629533853575133,0.33824446588203505,4181200,0.2114463709259874,-0.004676987386432442,-0.023619828268174783,0.007063155449170932,-0.07643444132716276,-0.031143377204131472,-0.016814764556054212,-0.008610140851994214
2021-09-21,-0.007827820950443544,1.1170102647045113,2868900,-0.0539375177708427,-0.005068506619847766,0.003833822885291427,0.008027603161512306,-0.008396387090408497,-0.0033513889201036103,-0.0009450682547066522,0.01110571781401611
2021-09-22,0.022021563325054956,0.39307046810607316,1788400,-0.1546297065956409,0.00022178574838885594,0.02339214144026172,0.0003940390072630704,0.03317058455543338,0.025114327714173466,0.009707543940329367,0.014561831647832296
2021-09-23,0.011465113318086206,0.0335085110271785,2253400,-0.11353962173545984,0.0026933992084352647,0.014705131988040446,-0.01645707372556822,0.01858635663522249,0.0269162314002952,0.012076800409973613,-0.0007061249667009216
2021-09-27,0.0168700976985504,0.7221430166451865,1914600,0.055341439857178217,-0.0010894639774061993,0.019675312985899165,0.00017147117355570008,0.02334737901548454,0.021057407930998372,-0.002865015749021722,0.0016861480060731335
2021-09-28,-0.011215030613896193,1.208461132981955,2490900,0.21457817625476233,0.0028964184394307062,-0.0021228087443940684,-0.008147357577374788,-0.02098798085166231,-0.029547361118701914,-0.020357664264720066,-0.005010095238405426
2021-09-29,0.011215030613896122,1.2209523514356653,2744400,-0.03012672907627412,-0.0017516269719419786,-0.006128437460249712,-0.008272426561606493,0.004702235998314444,-0.02470484108011764,0.0016817239644042515,0.011332661765874148
2021-09-30,-0.012468977988412996,0.9269352331289507,2708000,0.02538429243196716,-0.004345973378646851,0.002669118726309774,0.01944380650125953,-0.0070616341621366355,-0.022758327420790668,-0.012297651231544384,-0.0030716342777015186
2021-10-04,0.001881451332567541,0.11458688174825728,2259500,0.08448047301532595,-0.004077336988495521,0.02267205245531469,0.005222509201740211,-0.02005682933347579,-0.019368612424963984,-0.01297991418698259,-0.0022937726050287644
2021-10-05,0.01307208389543175,0.3972791304584764,2088400,-0.0750464946798554,0.0018504028081402998,0.01673622626098354,-0.0037438217890526193,0.03581758176564,0.020881791997268046,0.010351222342687637,0.009383888849085751
2021-10-06,-0.003096889167149672,0.1255542394848701,2242400,-0.014184599173202148,-0.004217106396070897,-0.01918708124677745,0.0005113629953223071,0.0007815732185435517,-0.0010085575885622649,0.004147443256090675,-0.011539983861006688
2021-10-07,0.01965663297318382,1.1325794051168763,1788100,-0.07205874425477805,0.0011654465030993893,0.011173335632008194,-0.001477930901064451,0.021639154369449836,-0.0030317902965183384,0.008608528312384057,0.011667132710361947
2021-10-11,-0.002996660238352537,0.3640595521129373,1590100,0.0634723985675252,-0.001352259838133074,0.01463713133821937,-0.000968454449423833,-0.0045489403200443795,-0.027873896763402455,-0.007266052148832957,0.007203795195528496
2021-10-12,0.002996660238352577,1.2532621330442921,1725200,-0.007528247203173337,0.0012217160095795323,0.0014892376733052664,0.00210656414060376,-0.004569654975414544,0.005023826268690698,-0.0024645757133770234,-0.0023393706751371076
2021-10-13,0.0023909704529633024,0.8847573659676797,1215000,-0.06289424983755545,-0.0012496386957793724,-0.0024832014991143163,0.019933037412385866,-0.030223171124233946,0.008046907914997091,0.003591158510690694,0.0016255061559850102
2021-10-14,0.023599893097740555,1.1257805598356332,2479200,-0.10036578773839322,-0.00023331283468279104,0.01075738493874133,0.0016711234290114187,0.01638741605686162,0.02445259040847889,0.016680742674928382,0.00918510804393131
2021-10-18,-0.0040592460862972305,1.6155016911059332,1355700,0.0006133228821253111,0.0015398066681952644,0.0019427356878064283,-0.001358948308654003,0.000752745914105766,-0.007172673508040771,0.002956146931003765,-0.004183496068252665
2021-10-19,0.004059246086297248,0.10324297330533391,1736600,-0.03811768368319456,0.0010437659932345303,0.006287767248904859,0.0027726159189181846,0.005253272555886103,0.0033470825868842802,0.007685261401572473,0.0018999950932996165
2021-10-20,0.008643073928241513,1.7803480019135811,1741900,-0.013466060552870796,-0.0025835726614297154,0.010909460858902913,0.008104059610460861,0.010424543033695458,-0.010770286593511797,0.003920029332475949,0.0007756046007940739
2021-10-21,-0.0005739012365480035,1.4933155383233505,1699200,-0.031477978758680386,-0.0032739235926214118,-0.01646972040377106,-0.0016268056619152453,-0.0007410321914974938,-0.0037822766120469715,0.0026048418167514496,-0.004551368839046643
2021-10-25,0.005643377277720889,0.3307673391346474,2456200,-0.012390150913142705,0.000936858303041702,0.0,0.005830920310793144,-0.007363831658050821,0.0010799726809454235,0.005348473074299051,0.0025229378554962453
2021-10-26,0.010635343971105746,0.6035217259367808,2995700,0.04741437645208414,-0.0011712100842407277,0.010569534538418943,-0.0073916189533362806,0.01975918353788315,0.015191620639170105,0.0008996142644518357,0.00755848862597677
2021-10-27,0.004444553486186912,0.56183015122105,2775000,0.060698242232118525,-0.0015294961115190154,-0.02378927321801602,0.0028964946878651475,-0.07835331013043421,-0.01558420985089938,-0.004440031532488631,-0.003344640151020595
2021-10-28,0.007730540151350123,0.08946766366781685,1811700,-0.026859200551924454,9.402908588239377e-06,0.001812944176717788,0.002055814682588965,0.017864517208567576,0.006165281014850404,0.009602609985319628,-0.00052400982232677
2021-11-01,0.02018071424204985,0.5756846589698259,2259100,0.009182777607491557,-0.0061694728756083875,0.005727295801855394,0.006763378213492534,0.029967693734107785,0.011800129454143915,0.00171873670344748,0.0070218238582211824
2021-11-02,0.00269610499551427,0.3911165820130633,1759700,-0.02342888634704037,-0.003388285979526372,-0.0016670566381836963,-0.003571645375540873,-0.00607442439127598,0.006326136793223272,0.004034943423944309,-0.001895202657612733
2021-11-03,0.001076451010607541,0.37926985344536407,2091900,-0.059767240372714976,0.004238180666378849,-0.03702556776440232,-0.014131911060620329,0.018113685523629165,-0.019781636112212345,0.0060866720883999866,-0.003566574677398975
2021-11-04,-0.020103955795965748,1.4734010039275875,2382100,0.022266748335608214,-0.0007176739298031318,-0.02567941037369944,0.01653303396466099,-0.04748211094988651,-0.027867412751622543,0.004701451142290312,0.004267392690501253
2021-11-05,0.007109741143670267,2.1323886761869786,1862300,0.06518597928502101,-0.003842874264343398,0.030737042071998292,0.012966339059569584,0.008590420508089723,0.0008013806858544076,0.0034636037212191872,0.0033050308566567477
2021-11-08,-0.003275082830177255,0.24398301313118123,1803800,0.043923962420296184,0.0004266738947599782,0.008088324419384512,0.006037671259816749,0.0031055896838045527,0.002000570296126165,0.0008533567819511243,-0.0004930154957744474
2021-11-09,0.0032750828301772216,0.14828247687622906,2355200,0.03200280958004064,0.0032839796125338884,0.026735710891100963,0.0015310188776383894,-0.01091198594223761,-0.003603974393941064,-0.0033108462216264803,-0.0036227812320955752
2021-11-10,-0.014270287446985924,1.0174994949716762,1545600,0.052052223311124725,-0.0020807795020720554,-0.03396308331282692,0.009462262540359543,-0.00786789119081751,-0.01964821647622791,-0.00807740109324133,0.009059770255418468
2021-11-11,0.0027601031981325692,0.31697778158942747,1842800,-0.05882430548036191,-0.0018764671402942271,0.003068805099583119,0.00840792702102028,0.016451608052693023,0.011289218749885671,0.00032347534555880655,0.005976492054048438
2021-11-12,-0.0022074516928114506,0.10585764044448553,1349400,-0.08075070771974943,0.00036042832117630396,-0.009853453732612356,0.002519404872046127,-0.008583716861875436,0.009762078647654243,0.0075185095590189445,-0.004928064049697801
2021-11-15,-0.004984787450993485,0.19302980813130519,865300,0.012202643875715364,-0.0007398776446740905,0.0011133339296825187,-0.0009641397790914904,-0.003139716949284924,0.0035989303540372797,0.00034236368205134573,0.0005442251121611968
2021-11-16,0.0,1.0430832284126428,804900,-0.007303680041878168,-0.001947238364498629,-0.0014847208572589398,-0.006720997509486058,-0.0007864907021086252,0.004778539240133214,0.003950013399666602,-0.003392614758900721
2021-11-17,0.013237908132038654,1.3348390546537552,1444900,0.044212680926723626,0.0011308495234411714,-0.0301682190308167,0.008648283108735699,0.019478605664869843,-0.030349681247593515,-0.0024321748554379046,-0.004897986862917483
2021-11-18,-0.015461417443690655,0.5052895583934692,1535600,0.027667443847847712,-0.001863191002803411,0.00826085290670058,-0.004663986413490948,-0.006191964306195913,0.0,0.0033906571651105342,-0.004839455502073896
2021-11-19,-0.027074386640739228,0.5294097401048161,1662600,0.01802864012875469,0.001340687440179421,-0.037526208955442356,-0.005279926579310966,-0.056701816292918594,-0.007914082391464787,-0.0017898543376422005,-0.004475255697728823
2021-11-22,-0.0011441911023711215,0.4608019058651605,1749800,0.06798735348449784,-0.004676391957006614,0.008505141650637774,-0.02471959608600904,-0.002468099356808738,0.024564207032089322,-0.0028191447952606065,0.004406344833903852
2021-11-23,0.005707799988166712,0.8081379655691525,2103300,0.010895002121107753,0.0008110907601276813,0.022545238321056222,-0.012536729177984571,0.034807184412406184,0.02525236988120774,0.0013251158447456824,0.001542493201108791
2021-11-24,0.005675405819449443,0.5799883059494817,1613800,-0.04215583387907041,0.0011059133847255774,-0.0014022643738215343,0.0003363468974658657,0.020473174356966984,-0.007291369888364409,0.0026662985058638765,0.0026935506390362977
2021-11-29,0.005261640609950164,0.3761840862612474,1629700,-0.2203522718751432,-0.00424489566233881,0.026069476951239148,-0.00168180324307445,-0.004913971047450037,-0.007173600501704672,0.012191982366394497,0.009326053181189864
2021-11-30,0.007551651743522795,0.4291291242639654,3503900,0.16909574670959093,-0.001591659834506892,-0.05540235037902108,-0.0048933268890934195,-0.013223320146672374,-0.025098986091765405,-0.01964940742643132,-0.007128016347706769
2021-12-01,-0.005221952649657021,0.9313129480448985,2842500,0.13500144799177305,-0.00034552756109118793,-0.009260037483435552,0.00450045770286688,0.0,0.004629663542478911,-0.011169348998625553,0.01535012693230199
2021-12-02,0.030930243804840555,0.08924768043760857,2574200,-0.10743349938015533,0.00029759560478361506,0.014083678040478737,-0.011800393739534874,0.03193061973039557,0.037094696254734875,0.015200191196353595,-0.005525300836054678
2021-12-03,-0.012485934898269201,0.5227172541687096,1902900,0.09286775371604662,-0.002113461988526316,-0.003615518549937394,0.012024899530579426,-0.02612390967325523,-0.006596680205168175,-0.00873939036972244,-0.0009683740187679328
2021-12-06,0.012485934898269239,1.5177364340660748,2730000,-0.12080356066278457,-0.001549539263121844,0.04759639747281211,-0.0025284463533586377,0.0349487249868442,0.01073534293789277,0.011773729778026496,0.015326397979884887
2021-12-07,0.0162241833157588,0.31553526648855024,1750600,-0.21645153629884614,0.0058198369138077865,0.03617753821695816,0.0028650763234604835,0.02133621037364358,0.032019421793027115,0.020473797351641076,0.014768127725760635
2021-12-08,0.000554797715444434,0.9289877297530911,1543900,-0.09531017109099146,-0.0020129323027399757,0.004293304160383434,0.0004487093895392277,0.008563669188140378,-0.01227009259181436,0.0026444678463242634,-0.0003406621187063986
2021-12-09,-0.006119663494466315,0.23177379739804255,1400200,0.08104724373347415,0.0015436560710641338,-0.019819185201462836,-0.004946636746660119,-0.03711435172215872,-0.006639257037871979,-0.0067744345903001085,-0.002196661975760727
2021-12-10,-0.0011167202687078536,0.8942854507664845,2218700,-0.1437783062526054,-0.0006804419479197605,0.010237740696853731,0.004666234090444804,-0.0016103431532139799,-0.02160781020722195,0.009369465607831392,-0.004037478818652976
2021-12-13,-0.007289023608514828,1.0632014437246697,2910100,0.08312469925500683,-0.00116065248323956,-0.005316146485581692,0.001905203055442121,-0.017066650815750945,-0.012883635734034199,-0.008897825549487997,-0.008317760795568726
2021-12-14,-0.0005629174755217253,0.171116661048424,2196800,0.07491653435511594,-0.001046771092103199,-0.007886219462695144,-0.008940945262643642,0.008976038178621457,0.016838007321884885,-0.0069038201752757615,-0.0017715997280625985
2021-12-15,-0.009618183027352583,0.5644369552710305,2296000,-0.1264430092732273,-0.00047085467751537745,0.0019773930682393704,-0.00441554571258348,-0.006520062014319189,0.006153871731829455,0.01550423111912541,-0.006643844652468381
2021-12-16,0.015233042198409867,0.0937123018516526,2064400,0.06424681445002371,0.0032246334535326847,0.02108272861151917,0.019105998391674383,0.0178286953211394,0.008711843332953783,-0.008857629685864215,0.012445286338739188
2021-12-17,-0.02551886460685643,1.0817581636151896,2471800,0.0474697574240046,-0.0021101778681028843,-0.02122387213808613,0.003999601595126616,-0.016194670599911226,-0.03211546625733092,-0.014207029348729174,0.0012800393595968306
2021-12-20,-0.009232601538346848,0.944507667700407,2575100,0.05852259847760256,-0.003318158880835569,-0.03782170802322218,-0.0056150794682417494,-0.00737407300106136,-0.01828616674681233,-0.010690344140578838,-0.009939313202845102
2021-12-21,0.012100354498384848,0.7200603929606738,1905300,-0.0848275189796523,0.0013767080334726347,0.041484229797041916,-0.0032387379200195265,0.0195445778576283,0.024853654792527585,0.01760314396298361,0.013714897290011678
2021-12-22,0.0074180694484085605,1.0723646054760694,1606700,-0.12022538618477858,0.0022965649954582615,0.02279775318524723,0.007633384981113123,0.004024165743344231,0.005406311015896572,0.00994905844539441,0.006052343095265524
2021-12-23,0.012990837493036284,0.36382929176494805,1422100,-0.03662612766793574,-0.0004415370872466906,0.01405685046759793,0.005314436655823481,0.013562240454201362,0.010524214616335601,0.006202800766794267,0.004294890648872258
2021-12-29,-0.0038727402134528916,0.7924659950816378,1325300,-0.03421616030294203,-0.001435111302075005,0.007604523314617708,-0.0028213310498175362,-0.008699118270027686,-0.012481267565275515,0.0012783904192747832,0.00657080086993989
2021-12-30,-0.0066741535800700245,0.11794019063553371,1798500,0.022171220487458933,0.000520363931063223,0.005600800287199458,0.004201441162821637,-0.005575457941479226,0.000708750017550264,-0.0027683573402238052,-0.0023880952112229417
2021-12-31,-0.0027940356696666995,0.6510330324212733,1089100,-0.006367640200394624,-0.003280863820967483,-0.023391326877736814,0.00813149309174338,-0.0015987579262899214,-0.006498797931850417,-0.002523367923998611,-0.0025021145767333895
2022-01-04,0.027219969990390003,0.5141489416856981,2363300,0.018502435544357602,0.0007131600500870963,0.011890073238476307,0.00808106212417286,0.030724426934530133,0.03981939219047876,-0.0003349950109531719,0.016212930770477786
2022-01-05,-0.012429311493619912,0.8781941535100596,2868200,0.15423514294616208,-0.0040838471107848455,0.011108363136662809,0.005826419855790741,-0.0037893330741911565,-0.02505716994687971,-0.019388898230360302,0.0015576662811189448
2022-01-06,0.03368407575782352,0.7567676551452304,4109400,-0.006100625500360934,0.0037851791675814106,0.02046986018482409,-0.019871699829780404,0.04962143966646018,0.016967719380506688,-0.0009398549007886061,-0.008886096818031503
2022-01-07,0.01720135800525368,1.1725045488407206,3074600,-0.04431271555415718,0.002944757027808485,-0.007072491673356959,0.0046295360824668225,0.017902375525445383,0.006073232906326449,-0.003961347119826926,0.004673362018121931
2022-01-10,-0.0057010058485733334,0.5226968629292895,3539900,0.03354609062729154,0.002408980393354238,-0.008527998583165617,0.0007787864912479449,-0.015016373416424167,0.0007685099959649837,-0.0012451409261460564,-0.005358136544441921
2022-01-11,0.0062176800334388166,0.07247721887839467,2545300,-0.052379059449223685,0.006983079891703158,0.037508288679673644,0.011169566592358682,0.01785124147189972,0.01704398273621832,0.009067038551736909,0.006172748323126084
2022-01-12,0.010788652439069308,0.5552481003360322,2275200,-0.04385931881904721,-0.000828525857257334,0.01733228013797603,0.004717752871602087,-0.00852882810963219,-0.02746973795074215,0.002699894341785254,0.00801704642666863
2022-01-13,0.0,0.7379260663831048,2379100,0.1420786811593658,-0.003693907677916757,-0.006312191829025816,-0.0032891160891035777,-0.011486116509660976,-0.004863822673688654,-0.013874393518961387,0.0016141879384738895
2022-01-14,0.0025517310976760094,0.4448011190878091,2186400,-0.056724011447385425,-0.0018664734489034231,0.02049001325938894,-0.0025840249884074937,-0.004341571137355333,-0.03644354834466124,0.0004089371946281227,-0.0027669364082479613
2022-01-19,-0.011410876739499115,0.6541894118372937,2711200,0.04546234989896832,-0.0036126357018894514,0.017750901549051262,0.016852139555948425,-0.01944715222266951,0.01813058171104647,-0.01043784312485474,0.003444810432294618
2022-01-20,-0.000521796458577616,0.14981427016911267,6415700,0.07041742280560326,-0.0003850310755016909,-0.0006901824544436454,-0.0003255782478899052,-0.013688377243514037,0.041936993665116905,-0.011129775432800469,-0.0006194778680716237
2022-01-21,-0.006808047188514344,0.13298817568231028,7836900,0.11990835004213829,-0.0012428654716253832,-0.020461096599159925,-0.00582422843878814,-0.01932800731259461,-0.009764043637350037,-0.019825881722007412,-0.01205655547840585
2022-01-24,-0.02986896035543426,1.3133177675788876,11875800,0.035748461461826586,-0.0021716262180948753,-0.021728392549470024,0.005389914964327385,-0.03011321859143515,-0.007921223195818866,0.004237743773401898,-0.02662531762475952
2022-01-25,0.007551346416237452,0.17940761527776505,6053100,0.04127674846717597,0.00011597758202034531,0.027116704640271064,0.005954976611818967,0.012789930101854221,0.009740327323409402,-0.012284115838726838,0.01013047361040723
2022-01-26,0.010157725802890963,0.6277614196718163,6186500,0.0253498761464045,0.002393020941100261,0.020237753789495192,-0.01238267432546163,0.0274203964688545,0.011344906163899113,-0.0025119476945792865,0.013246985569899342
2022-01-27,-0.020419794284948115,0.6735495362775489,7977200,-0.047086338758656796,0.0010210754422836734,-0.008507729721424101,-0.02020380869292505,0.01837729558394141,0.009735854354861432,-0.004950195532161598,0.011248712828342233
2022-01-28,0.0005427532713055122,0.68837843420036,9245700,-0.09741143277332177,-0.0011560796491623803,0.0024217169663282062,-0.004695120268889005,0.023248101024065687,0.006405555395333909,0.024532024102334755,-0.011744124170291338
2022-01-31,0.012938173399702964,0.13394361778064925,6229600,-0.10793472427263467,0.0008767999135685838,0.015202919797499057,0.005642617008805025,0.029220528230626642,0.007242841189647984,0.01785078977354817,-0.0002277479414419211
2022-02-01,0.08861692051059708,1.0300766189120492,9568100,-0.12283002149677473,0.0025103706088804557,0.0005670022584099223,0.002948322863412963,0.035364363274189486,0.01365700966203791,0.006734200164012837,0.009519932131559706
2022-02-02,0.0063523823261247905,1.2067532472484057,5507700,0.005902449388932326,-0.002558589555973984,0.0006800996329194048,0.0049313868291021275,0.0013888546647005367,-0.0002886302035867912,0.009667204382406593,0.006243927992993088
2022-02-03,-0.007823993038605991,0.14654762906528665,4193000,0.09740684085512573,0.00012524963123135806,0.022518114077128004,-0.0034327874115770577,0.048095963760140234,-0.015809429323268044,-0.023785622375082246,-0.007173259098407008
2022-02-04,0.0019616979074265272,0.16030072302198814,4220400,-0.047517918496258305,0.013353559046172178,0.022347309431789617,0.0019946679986083213,0.040822002089098856,0.01763611292999842,0.004691187114582218,-0.0016483536799543857
2022-02-07,0.009751455171088216,0.28235878765497197,3481500,-0.015625261632240678,0.006619896232721705,-0.01078263323438722,0.007719491459363494,-0.005730684452783966,0.010225132713434379,-0.003214437354360076,0.007568025044505868
2022-02-08,0.020649006866457376,0.09776464491224242,3933600,-0.06413032395420283,-0.003148231977643578,-0.02169665672856624,0.003290198230438897,0.04739042785182747,0.011062356235876373,0.008194195539497481,-0.0008453961776462685
2022-02-09,0.012281605513459847,1.0630547231027199,3769700,-0.07152813609679119,0.0003408398258507957,0.003351617980497887,0.004697138876945588,-0.0018287531542136065,0.02213224858515395,0.014530032891025087,0.01003260177781658
2022-02-10,-0.005649682314687709,1.3810921984429958,4029300,0.18056655007325953,-0.0008048847112692909,0.0024506371871076305,0.0005447513489833872,0.00668902539006291,-0.01072598027677353,-0.01812898618938685,0.00378694355202944
2022-02-11,-0.022440723381463603,1.2973380877562055,7004900,0.1347853399740475,0.0004924902674085476,0.035198751134539005,0.002502094128990784,-0.04969968070098998,-0.02828509491480701,-0.019915729123292678,-0.0014869376024587138
2022-02-14,-0.005811102749999146,2.006532456586953,5958300,0.034839196086860244,-0.004983495446939648,0.025033134093715086,0.014668053542140463,-0.004468548450283956,-0.019311211348083102,-0.003274670851420668,-0.017035007928345218
2022-02-15,0.006293855801544901,0.2178704152454443,3517300,-0.09743028956184699,-0.005343245707476805,-0.03615814800191128,-0.007091439946204802,0.020266665517294,0.008349568996239344,0.015998210716834927,0.010211086335759343
2022-02-16,-0.010674498107657172,0.6892826548059979,3857200,-0.05642624088191999,0.00537171894793598,0.01712208887028263,0.008268451050258554,-0.011349387270108431,-0.022290479641203696,0.0011201972565205234,-0.0006705052943320873
2022-02-17,-0.015237427368025958,0.21579459332068188,3459000,0.1460606259257955,-0.0023817337781942677,-0.020494746753687402,0.016176862774401283,-0.020500439003990584,-0.0506950907944983,-0.02159287321665315,-0.008770814637036325
2022-02-18,-0.0014870231420124956,0.4751322576773235,2920800,-0.012889566438965801,-0.0029134614975738255,-0.007548057873018736,-0.0011054540785267234,-0.009102753920849442,-0.007621307006025507,-0.006496106913848236,-0.0031625572419340525
2022-02-23,-0.013457771440529483,0.15752976639833816,3599500,0.0739096419462359,0.007991887550720927,-0.002710763428837968,0.0016250236299235957,-0.03422647647398558,-0.012745758620761589,-0.017897872870124194,0.0005336036912957366
2022-02-24,-0.06679918041172615,0.29204353440010233,12574900,-0.022824621796435525,-0.0064192835853658405,0.00767943960824983,0.008293621186042321,-0.11734783382055801,-0.0187748877781083,0.014937003586184076,-0.039610241843269715
2022-02-25,0.04892277669326257,1.6710387928847652,6322500,-0.09435415694926126,-0.0012733737443687252,-0.013232310870708525,-0.020254641338242927,0.051136597982272276,0.029407629817455844,0.021824115045759783,0.03844926368433252
2022-02-28,-0.03839352309087357,1.0105926658050977,7206700,0.08873151676105362,1.93317964562249e-05,0.044105220361855504,0.006814799258052393,-0.07812237379935193,-0.04113057668762819,-0.002561805447203176,-0.0041745596048256926
2022-03-01,-0.042799339490329075,1.2715906867721265,9217500,0.09997289761890604,-0.006799252055713286,0.07727442881735072,0.022386274771780384,-0.09001454700323909,-0.03487487696867699,-0.015347444189967911,-0.01732465272097179
2022-03-02,0.007452087819315474,2.28276906770164,6084300,-0.08059307747498817,-0.006258871423834351,0.06721837068148417,-0.011130495531632012,0.020906747926708494,0.008522294900813332,0.018229049206145667,0.013469207323035887
2022-03-03,-0.027795624374897247,1.6951822683809794,8141200,-0.008494014864764431,0.00031297246639796486,-0.026849098470408703,0.007003374578962224,-0.03777351108627599,-0.006811998271934552,-0.004990905914229309,-0.026002786961483657
2022-03-04,-0.06928653283951662,0.2658117713213992,9454000,0.04803997729179485,-0.006434129536399827,0.07175678422710549,0.015745908688366016,-0.1126485754560957,-0.016309057639562637,-0.00815780439569187,-0.03540364192358721
2022-03-07,-0.049671638972296074,0.8157534008878038,12411000,0.13083078629404346,-0.01568860413339294,0.03165145268949915,0.014549409887336044,-0.0461383548089698,-0.03427699917618532,-0.029922431219486775,-0.00395797305348608
2022-03-08,0.06713931512471262,0.34046293993111804,16882900,-0.03688598270340872,0.005104413396700557,0.035380040989747966,0.02290628222036198,0.07087984557005379,-0.0016790528562104672,-0.007610587910874405,0.0006607627038059291
2022-03-09,0.04415592104959872,2.1618736123943707,11455600,-0.07935503002105183,0.00729234146926478,-0.12926748867569027,-0.026926590113771492,0.06068215538862263,0.04792673943832128,0.026457707170737758,0.03202015620761313
2022-03-10,-0.015504200643573903,0.3084803327976968,9364100,-0.07086567301265849,0.012703347490337188,-0.024964042155665774,0.00612449262362708,-0.01203162283541421,-0.017777230214960308,-0.004525779260906256,-0.012820522391501832
2022-03-11,-0.0018044383420474327,0.8542115110205311,7860900,0.017055200603855316,-0.0022738006098220807,0.030743124297906384,-0.007737189270018103,-0.04669736218514332,-0.007951401827314214,-0.012796587712040211,0.007927251377215803
2022-03-14,0.02320838368498295,0.14086194315032002,9394000,0.03263246843757495,-0.001740424131255773,-0.05954475656066499,-0.011719169211707079,0.08236646998523918,-0.005414952375955748,-0.007335159693643415,0.0052825599124994415
2022-03-15,0.0064497795200982935,0.9288627520163328,6389900,-0.0630078667210695,0.004998174889874648,-0.06590501300543361,-0.015997859657440116,0.021334122127624016,0.018825467755549607,0.021752137407685203,-0.002477495413820058
2022-03-16,0.05514322716791809,0.9918063039245255,7328600,-0.11197525491444403,0.004828112710829967,-0.0146232133808479,-0.010686925640050688,0.07127699354957326,0.06099931264436593,0.021931933271714867,0.016036396698151895
2022-03-17,0.013186991843685023,0.6448789922169829,6168000,-0.03821634319943387,0.005566424673095362,0.08023696196850408,0.017714276252213116,0.004902004783518507,0.02262782076731463,0.012433317136645933,0.012754769817082137
2022-03-18,0.015705760863208688,0.20447303821947926,5366200,-0.07270052234591616,0.0012328631538265798,0.016564261512939063,-0.007182949353329375,0.0008146049436071372,0.010176037386439052,0.0077914139875613605,0.0026234485127657812
2022-03-21,0.007494648965293854,1.6990345611070148,6099300,-0.014346243588262985,-0.008477311965863018,0.06847066206454293,0.00020743851021229863,-0.0024459639832431408,-0.023583220482762006,-0.0002924353773164843,0.005078404241474185
2022-03-22,0.023716566353745132,0.0004582804814766443,4647800,-0.02539409693912241,-0.001262714809727003,-0.00321601673024245,-0.0041046609285686,0.05788373901836055,0.01723535245504073,0.011633459968707478,0.004598179941042888
2022-03-23,-0.015219444168962837,0.38010486074467825,4024100,0.027092569018550887,0.0006316146070670991,0.02796951597283389,0.008244168082008863,-0.023383702932526403,-0.019722010956666477,-0.012962065201010014,-0.0021556912661918077
2022-03-24,0.009997480423618789,0.6249365442215578,2722700,-0.08404588493141855,-0.005034446001851634,-0.02279329553014544,0.012826608725129677,0.005505298527865047,-0.00270988196229639,0.014961874573180461,0.0009110135527585148
2022-03-25,0.012487142890083788,0.46983280153329515,3241500,-0.04049520432695106,-0.0010842872462386605,0.013790929343950018,-0.0039842350856928496,0.010920571981474668,0.002709881962296346,0.004871712340953125,0.002140354538509718
2022-03-28,-0.007265179144739757,1.3046265251055136,3579600,-0.058374649206258046,0.0036212956445230236,-0.07225922808623246,-0.007294465566171451,0.0015503494532850275,-0.012088365522576298,0.007087859739227152,-0.0013773016836416832
2022-03-29,0.024184317509498576,0.5685944896118076,3280700,-0.03789706365376267,0.00619686492666057,-0.016365743440353877,-0.014331939032686845,0.02448475048724021,0.006225782947837821,0.01229493434210343,0.008554082358711995
2022-03-30,-0.010733606568431643,0.09195041384145286,2743800,0.02249638739130696,-0.002433339097121419,0.0337672548698994,0.011182017436005276,-0.022936727140520776,-0.01724275057400742,-0.006193935772894751,0.005490848213375551
2022-03-31,0.004102663757413177,0.10137092192153216,4392300,0.061689125338078736,-0.007932612652231743,-0.07249690607595805,0.00808717487165785,-0.0218930313680953,-0.03230984200230542,-0.01551099346915823,-0.008360658111626503
2022-04-04,0.013619305240887744,0.7084711384575545,3916400,-0.05551160660496785,-0.005855800746331563,0.03960035793359485,0.0052490704821981215,-0.004590705753806521,0.0033281825765042287,0.008530092526005388,0.002782048356780275
2022-04-05,-0.05245410905994182,1.1849347960019427,4486500,0.12440266343456106,-0.002709012773727063,-0.01286316419039552,-0.003270908031756635,-0.019357940964936583,-0.023181381435284174,-0.012711778187951397,0.007223617693572317
2022-04-06,-0.018652306013856045,0.34753029798369856,4693500,0.049627603419411595,0.002935204789902309,-0.05783937627584542,-0.0023429578535094993,-0.027746559028402066,-0.025534331600078137,-0.010049685888730729,-0.0034207408113807133
2022-04-07,0.0,0.663660046586933,4257800,-0.025201844638247307,-0.0014763885856423754,-0.002080564314593593,0.007995486299766241,0.015157891843651428,0.0,0.005026315031306617,-0.0047426213435901475
2022-04-11,-0.007040433470260997,0.2487526109521582,3518200,0.14124030229531584,-0.0036356372982406706,-0.0412418992938101,0.0013896773770587837,-0.06615319871557708,-0.0004759747461026324,-0.017240043704589474,-0.006711253455000224
2022-04-12,-0.03202923896569119,0.3148864692674204,2991900,-0.00452398912382654,-0.0034904300365070787,0.06477709331057326,0.014196912221042192,-0.025339210361407093,-0.001071704056441676,-0.0037121114853793627,-0.005475447621778853
2022-04-13,0.002242204705373547,1.4290225183628207,3411400,-0.10600194653157295,0.007843668223006584,0.03563961818105445,0.004502815262256247,0.01948392844908088,0.00238006718503018,0.011388482839123713,0.0005409347814567371
2022-04-14,-0.014096652455084686,0.10151250976597286,4189700,0.03953799167815706,0.0027382733123224013,0.025569546315068643,-0.0051114641128363805,-0.014364427447534285,0.007460569687541807,-0.012529931210354926,0.004685095078221683
2022-04-19,0.014656418967104855,0.7637162276756886,3060000,-0.03675191846691165,0.009022429399650806,-0.05362580575520693,-0.013812271285541397,0.009263275531001182,0.027711451173586768,0.016013767300200717,-0.001984544695036584
2022-04-20,0.002235831418324566,1.0765188357588384,2726100,-0.050382500910835126,0.001963760027963388,0.0018508840086474256,-0.001739970932198888,0.013322415557342135,0.01893992564800313,-0.0007418198482218364,0.003663756519374178
2022-04-21,-0.023729931608846195,1.5384611820385359,3053200,0.10987788462348555,0.0035193107318821763,0.010070782421812615,-0.0037976152973985644,0.006595236020752093,-0.01893992564800306,-0.015066483396335524,-0.00015732838261427217
2022-04-25,0.0034661770398201923,0.6716074479580917,5558500,-0.043099143086190964,-0.0061370139861303945,-0.035196283018801594,-0.019769510187740744,-0.030161651049197827,0.0036516347346171657,0.0057808391465373225,-0.018950815214580544
2022-04-26,-0.029258962276939453,0.3777310834692031,4719000,0.21556493979660302,-0.002467322441092268,0.03156470664032463,0.0043219765242018485,-0.04931525255999895,-0.032018028426193154,-0.02938846712083878,0.0007720337679011335
2022-04-27,0.02463468104088732,1.4226626064414636,4790200,-0.0589851566056232,-0.0016808388950846698,0.003141566543055737,-0.008185296301079753,-0.07142492238844352,-0.001944388270008462,0.0028078373008030367,0.005320081893252912
2022-04-28,0.001158104196232118,0.5848854592653808,3738300,-0.052293147535713964,-0.0016739751134730277,0.03221422363791778,0.0014835623851351678,0.010800267701799914,0.014371389633016419,0.024945698119335478,0.011195458821762753
2022-05-03,0.026294285469310504,1.1101756825555673,3525100,-0.1004252851893356,0.0024886756950682565,-0.02659367127486895,0.0037527518532821575,0.03413304319772444,0.021604858504893475,0.004573567561620413,0.0022110187333952576
2022-05-04,0.030107395982433494,2.4145060911148546,5851600,-0.1403433049152222,0.0035667850888002612,0.05138599605893343,-0.0009636752202483986,0.01993421790857058,0.04059750570512345,0.029998447023786144,-0.00900712914691445
2022-05-05,-0.0387955256719107,0.05583957355636781,5263600,0.20488185050598062,0.004748866153137727,0.004165365195665697,0.003742319256644968,-0.07309633583192292,-0.026488522782459174,-0.03618983821471714,0.001306919637522715
2022-05-09,-0.040481737932280035,0.9886916646617525,6572400,0.14066881060216926,0.00707869388950174,-0.06278487953283066,-0.01289372706238319,-0.03516392796456621,-0.037251879417851116,-0.03254103072846203,-0.02345957216947118
2022-05-10,0.026380459729277463,0.32065646221201866,4930300,-0.05197503589226457,-0.0005626269895199435,-0.032835034799394154,-0.009304882483388956,0.02392205054479131,-0.011027921308642582,0.0023078626978000794,0.0036791832699032893
2022-05-11,-0.013702898017430389,0.35898953699887964,4309400,-0.01311995280695535,-0.0030087720411757207,0.05793216433434817,0.006878809072376239,-0.02286994852649725,-0.017216922084891544,-0.01601366905204431,0.01432424100032349
2022-05-12,0.0017980637682815889,0.18712034474854616,4907000,-0.024562120621479416,-0.0040738052723533974,0.003965244774491545,-0.015667781369351385,-0.007387964918302464,-0.00381005108982468,-0.0010444756685108931,-0.015692029093924455
2022-05-16,-0.011036918601331493,0.24284006042915623,4081500,-0.049708547633251145,0.003313953985418223,0.033026270708055354,0.003369317747265814,-0.0030943534169523778,-0.007978094921083274,-0.004065818917765487,0.00626214629530434
2022-05-17,0.026514468182978767,0.9927423210896814,2702500,-0.05115914616663997,0.0023305597644505387,-0.015887319463960825,0.0025882941096002548,0.04445171973601962,0.03722101027344581,0.020361686007753992,0.007154723604237525
2022-05-18,-0.013745907765057283,1.09155005426194,2929600,0.17076069020588336,-0.013958623090858066,-0.025317854976181154,-0.0012657478221988101,-0.029074726153190244,-0.027382200026003025,-0.041146602893011884,-0.010737883361431048
2022-05-19,0.019983558209337733,0.4383049425524047,4195700,-0.05340345987885895,-0.005111284927305691,0.02362601145887709,0.013836280412998598,0.02709653521875507,-0.009088183934647024,-0.0061434534278095535,-0.018371283485190945
2022-05-23,0.033658383323175806,0.8544462610663207,2872400,-0.032812502144316524,0.001338292552112088,-0.02630790935383447,0.003252387863293797,0.07201552339214858,0.036372079615867116,0.018537199486682282,0.0165603450608964
2022-05-24,0.018812722102335543,0.1911966877789079,3722500,0.0334918655332464,-0.0011247578275009355,-0.004726031501443259,0.009318889191803246,0.02228511213461272,-0.004261265123156389,-0.007663063186207389,-0.0038672387310398626
2022-05-25,-0.012861900823807582,0.3863394291590468,3209400,-0.03736165760137902,-0.003070676215330258,0.005088654250674318,-0.010185211745308747,0.01186687679282839,0.003288927606230059,0.008796104601187101,0.0051175418330788175
2022-05-26,0.019760265082299836,0.2596492617765429,2440500,-0.031146273729954037,0.0011866202037601123,0.03351168714147415,0.0006498122657287857,0.015308639560454215,0.03313101668380404,0.01978437609715666,0.0055807323501238315
2022-06-01,-0.005846448076332771,1.0195285258427973,6122400,-0.019275847000948997,-0.004135039585627338,0.005132042460357287,0.00032560914897010034,-0.01896219639466269,-0.013322616050071498,-0.008121418909250163,-0.009867549118408684
2022-06-06,0.00795125380571875,0.1163633068474327,2048200,0.011231517018839617,0.0061918533123495306,-0.003117521523109803,-0.003365401473737211,0.019030935208677983,0.008876322858550254,0.003040144313791592,0.009933269843090725
2022-06-07,-0.004232806387735965,0.33275026187070034,2533500,-0.04278506428781263,0.002731179054821894,0.00765001963847122,0.004502705921952788,-0.0008980897483998911,0.005405407663193544,0.009546509960919805,-0.0012231515632224305
2022-06-08,-0.05280144616382085,1.1207197812415273,5776900,-0.0025011006728514825,0.007377051596033828,0.022359302629648345,0.0023787784288539122,-0.031024399835013598,-0.02527880285962275,-0.010931687318656349,-0.000776716892329148
2022-06-09,-0.03295752506814608,0.7366604938583454,4686600,0.08516636996056637,-0.007578791713999728,-0.004925701342088259,-0.001675345880327806,-0.023442236240683784,-0.02482475106767107,-0.024070265359212983,-0.015502102597104415
2022-06-13,-0.049235186734013704,0.6224398224240463,6944000,0.20371276023099444,0.00015413558908707395,0.0021523364093155753,-0.02351777533038834,-0.03569980676144195,-0.02910155811457884,-0.03870772978690963,-0.015382509396975398
2022-06-14,-0.005623207629031424,0.48386860510063484,5553000,-0.039879421696833575,0.005073877619132562,-0.01667678101559221,-0.01017190901029815,-0.004162332887333444,-0.002930616478678573,-0.003017895623606632,-0.002542824063459646
2022-06-15,0.01739172622799887,0.11754455019542702,7107200,-0.09861934155361644,-0.003245016113197815,-0.03091095469468674,0.00320020619069026,0.040863664942874446,0.014041793685921889,0.01415567222560042,0.011880438047688607
2022-06-16,-0.04148928509413597,0.3216745950326705,7758500,0.10654144692998793,-0.019773193677975143,0.019579834081810746,0.016607812663686532,-0.01614564335162908,-0.02760727151358972,-0.033656104679304445,-0.03190569882051383
2022-06-22,0.011864049866815099,1.0199767484831515,3203100,-0.04194053103593365,-0.001632996333523166,-0.04114211488051975,-0.00016349682819621488,0.0,-0.003086571992470833,-0.001814620773458237,-0.008833506781020802
2022-06-23,-0.0206969365796349,0.5748507174818716,2764300,0.0034482266622454993,-0.004351314563314063,-0.018246308799802248,-0.004699515565206118,-0.1182724266928363,-0.00579634024571643,0.009754832753127888,-0.009738086176998279
2022-06-27,0.0005943672683270895,0.7185892666281833,2834700,-0.010335964210215428,0.00010878513008763204,0.01795708204970407,-0.003070669489849738,-0.0074270573134719905,-0.004894989140102932,-0.0038270180837005926,0.006843139883490644
2022-06-28,-0.016776947945493184,1.0866756576363965,2236600,0.050996397521043194,-0.0047666321492430145,0.01979012243106324,-0.001868967337812985,-0.01935547537364099,0.00925458009379088,-0.02064449206841294,0.008929072946303582
2022-06-29,-0.010935613074419545,1.4992048295319735,2138100,-0.007077197314253043,-0.0099832614080387,-0.01787538206094936,-0.0020929997061283,-0.02640414856932122,0.0003837387719082372,-0.0008147218221505732,-0.001516852628400757
2022-06-30,-0.00920543629558659,1.495616065928403,3600900,0.01934293637293805,0.0039752399493641465,-0.03730595569997585,-0.0053070917753330026,-0.025975542360211608,-0.02761932295875622,-0.00815748224765673,-0.019749841453615177
2022-07-06,-0.014066745305432091,1.089682565825683,4849800,-0.029853013518694623,-0.005420197901599935,-0.009796586219315792,-0.015386252486003978,-0.028520283247774166,-0.008709525532197353,0.003371649041169943,0.01164635804359683
2022-07-07,0.014066745305432076,1.1565449263839096,3014400,-0.024617778892292053,0.0020423247263759545,0.04174316196018757,0.0017277129141139384,0.01498153979134119,0.020205370776664126,0.014866093490139646,0.011373258521559584
2022-07-11,-0.014525013284929045,0.5469780830941534,2735200,0.06024260556281789,-0.006642525673434809,-0.0067024818783995065,-0.006108458837354837,-0.045546376897095245,-0.011930703876336948,-0.011489328872573118,5.556977595930116e-05
2022-07-12,0.012642381220944278,1.9931095538450367,2654100,0.04190664881096002,-0.0024541466391177435,-0.08257577818875095,-0.003880322870210738,-0.008855234577752155,0.001581480889618008,-0.008888314142629599,0.0018463621928729386
2022-07-13,-0.013915485003025195,0.6485561350947303,2616600,-0.017372501793467377,-0.0008938517638667987,0.004788254337710013,0.0063050981654516405,-0.007653091362867707,-0.012722130873984641,-0.0052655258712118085,-0.007448020442880891
2022-07-14,-0.029081197152124254,0.7766360395242763,3257100,-0.015783870772208296,0.0014825956645475678,-0.0054144683245927645,-0.017274371209107783,-0.018088331198807147,-0.003875209022653297,-0.0024314384736241856,-0.016427314656073694
2022-07-18,0.01265838502883384,0.23791024480347941,4218600,0.043212849641764174,0.007185160773017601,0.05006292623664312,0.003986361713753098,0.029890117957611095,0.010324450127689691,-0.00829121036156714,0.008927788636692614
2022-07-19,0.030962226335424465,0.46935130718108803,2982500,-0.03213124802708314,-0.0005345832238963906,0.01566614332926657,0.0004679742946601952,0.057226637909492506,0.03476770191535323,0.026660608249491968,0.010069248528298158
2022-07-20,-0.012887510893378171,0.38290446787369276,2688300,-0.025631864170057687,-0.0020805107255288243,-0.018985450651781983,-0.006159280360534849,-0.0246346810408873,0.001957617578693095,0.0063529388038422304,-0.0043954304600025374
2022-07-21,0.028016392838932716,0.5752511380474048,2263200,-0.032775802683622346,-0.0016290329524547339,-0.05953123151849774,0.007736953992708003,0.03271316642171634,0.01468204650643982,0.01013169497427413,0.0008531518523672028
2022-07-25,0.01561594615703352,0.58381919208819,2560100,0.014227440440232874,0.003577336519295724,0.02089940293372144,-0.004700960831153482,0.020036036563707546,0.0014547553073570244,0.0012142034327723445,0.004100741953736014
2022-07-26,-0.11949787220634293,2.3419604690974736,9509400,0.05537314089952182,-0.011345169191979965,-0.017946992435663313,-0.000756568166326809,-0.03684308175736001,-0.021551000510931253,-0.01190155325669028,0.0
2022-07-27,0.029121818153761372,1.6697277684010823,3545500,-0.06052340285251661,0.003175721514334624,0.023721448475202286,0.0008147256292718839,0.009638619424013622,0.021066317183012256,0.025634966306172267,0.005718448914094675
2022-07-28,0.03209518116639238,0.5158780640304037,4214900,-0.03994385969968478,-0.005096337641988355,-0.008674196952688428,0.017986345847998488,0.03302183673282779,0.005318455839307709,0.012464382307969712,-0.0003947855395474368
2022-08-01,-0.00617669561410265,0.7803789987496369,2467200,0.06839886256211869,0.0023003174524537477,-0.04915023087638514,0.003454221019280375,-0.009227276887925554,-0.0024942909140433095,-0.002965633102317808,-0.0013479997905064738
2022-08-02,-0.013096481946463723,0.10557161373325227,2346200,0.046619523204595135,-0.001642570017897155,0.005629017955736299,0.001186393518112395,-0.014002548875245957,-0.006681776141059815,-0.006619203971790231,-0.0005801726845146989
2022-08-03,0.010615152604932464,0.36764375444484076,2152300,-0.08636574039389384,0.003005901243743323,-0.04063660981889875,-0.007424009432775246,0.025523347934893015,0.018033520569929885,0.015538153058459705,0.004927723159661764
2022-08-04,0.02332820102021464,0.4954143981127392,2564500,-0.023508813167236665,0.0014534789175610224,-0.02366184826232168,0.01720048045395003,0.010256518002462503,0.003638259420024699,-0.0006758195102501209,0.00032226863759584674
2022-08-08,0.017721265441257003,0.9458694311288359,3606300,0.00659763445218728,-0.00491715808846968,0.019469936478044198,0.007809700130070115,0.002242204705373547,-0.0011616924683013432,-0.0011616074468590203,0.0057230313826267965
2022-08-09,-0.012187887906521573,0.4803911913472489,1423000,0.022295374365645357,0.0002361798029022749,-0.00286883274289652,0.004021425813643075,-0.002242204705373685,0.003828554270148802,-0.003978907493970385,0.0007748912162703653
2022-08-10,0.028409358070791067,0.2215216007009731,2814800,-0.09788587386321507,-0.003507114766859536,0.015677570489436722,0.0008914506924313416,0.022198449228251628,0.02887503067308152,0.020786429765404738,0.0025207781081405607
2022-08-11,0.010080136878104872,0.19202263558287014,2031900,0.02303561976592722,0.0010606039095174664,0.025877817842593524,-0.003291233570665182,0.0032877494432178075,0.014629749848128138,0.0,-0.00550327914180897
2022-08-15,-0.011689137162548853,0.7076638696465443,1283900,0.02127740153136365,-0.00468106317545896,-0.029533746260803902,-0.009608985203734186,-0.023759246440037244,0.003919789212676901,0.0041122990463738915,0.001105961154261398
2022-08-16,0.0017621552658060537,0.5252735531664763,1644700,-0.013118261804125196,0.004815667749730551,-0.032741413194471235,-0.0046137893685845414,0.006536016812375024,-0.002175772749398639,0.0019568280048181492,0.003575858305715734
2022-08-17,-0.014780049511718279,0.48491383041329494,1678900,0.010608792786788055,0.0025437706346965985,0.018094880294427504,-0.007301519543719817,-0.024177031385198416,-0.005131869377084832,-0.007123328512293423,-0.002697374472181084
2022-08-18,0.002973492257638755,1.5412077166048368,1395100,-0.017233075258002006,-0.003216974763166294,0.026763809900087754,-0.002844466510612898,-0.0033425917796112625,0.004151249997012597,0.0029021967606395493,0.003466681405931355
2022-08-22,-0.026137208192018226,0.4082707642868542,2639800,0.14439445430766584,-0.003405637154006889,-0.005966794345088517,-0.00781252576674173,-0.01654876879933509,-0.017370336911689523,-0.02104234080823713,-0.0022009923867456725
2022-08-23,0.0,0.45687054885724504,2110600,0.012941168887216881,0.002771214753103079,0.03816296649507701,0.007354692223817934,-0.008378343246250109,-0.0018103199194037217,-0.0024221883835108577,-0.006084429840824636
2022-08-24,-0.007594966111773199,0.10417626061227316,1645600,-0.05498938644760824,0.00198518047458756,0.012193349847795604,0.0005723115660449006,-0.0012025587905886163,0.0033916982177681562,0.0031960689006255184,-0.0022193246291875293
2022-08-25,0.020126446816871833,0.4850277332299385,1692300,-0.04664518202952005,-0.002349377165663554,-0.02529351847355716,0.005648226308946638,0.011961796478484454,0.014677370338590227,0.014018799822279613,0.001096928143241855
2022-08-30,-0.0006267771392689822,0.0012935883453609207,2260800,0.0,0.008310673466549397,-0.056946237068939864,-0.007746165501607033,0.020421139696772894,-0.010837639066597198,-0.011038555340141412,-0.008885061050205458
2022-08-31,-0.006289292881774814,0.3510594722380674,2862600,-0.013056953766507983,0.006747748753136759,-0.023070688339442143,-0.006053512283144235,-0.011961796478484417,0.009313370099954416,-0.00763814409318585,-0.010569667942145396
2022-09-01,-0.028152884960630488,1.5055359372158146,3595000,-0.012055420023286018,-0.006471220556150822,-0.033381873195455214,-0.009503252799611197,-0.013325528352888544,0.0110859056064413,0.003132950370552341,-0.018805101255468228
2022-09-07,0.005108563120568315,0.29450751629745064,1698700,-0.0881268451739526,0.0024300600001727723,-0.05854052265833876,0.00872448903953951,0.006056977079680068,0.02011816650093925,0.017805499790206458,-0.008611861964701754
2022-09-08,0.025779534869840418,0.52023215461876,2517000,-0.042700736945736,-0.007266709611158503,0.01933826811440578,-0.004264925533494193,0.05062885909677519,0.018026749460953263,0.006515022772704955,0.0033517908237364856
2022-09-12,0.019139322742934325,0.4833306258755185,2001700,0.046300592079318664,-0.0015528731004846369,0.011342252148776735,0.0069100090105372255,0.0383189051162721,0.0076833788045538205,0.01069030589635327,0.016446549772805963
2022-09-13,-0.0023724215749721367,1.0363070734158408,2686300,0.13316473813460536,-0.00683040767592485,-0.0053686944934838755,-0.013457414214637989,-0.036089305022388864,-0.034992265303600764,-0.04445617414726737,-0.011723760959500428
2022-09-14,-0.009546602648708631,0.3281462380044443,2292900,-0.04155569288771608,0.001844760515827127,0.01331159985383934,-0.004997805493332346,-0.0011141254983946277,0.0014922490390462618,0.0038085611016787993,-0.014812876532202337
2022-09-15,0.008952588442992657,0.05599679917672994,1414700,0.004196100366660546,0.00044763130324349985,-0.03894955806514469,-0.018501955762987212,0.023141532036145215,0.012312077734464038,-0.011418237468483304,0.0006594081040271144
2022-09-20,-0.018416797087569776,0.6479911121895532,2321200,0.05292238695106717,-0.006058616058125604,-0.015043254730761624,-0.0039087215289053045,-0.02995226770517897,-0.017395683360451327,-0.011544939646675582,-0.006098678418551247
2022-09-21,-0.014981539791341333,0.7718236667215924,2524500,0.030101998277705832,-0.009934750035506892,-0.018042122862901723,0.002948005938547933,-0.03203932227516341,-0.009565060726579758,-0.017597716278495924,0.006223023267931892
2022-09-22,-0.025479061309177806,0.18977975091974797,2170600,-0.023130752534395428,0.008893576877363692,0.006609354365199205,0.0037177432020477504,0.030912535803062045,-0.01858294569431002,-0.008435311285113283,-0.01084952709037598
2022-09-26,-0.019641672048781172,0.44475580695905526,3564900,0.07530086501150463,0.003189481588426845,-0.026119192349120236,-0.013461623673598822,-0.026733094586688017,-0.021703585877753662,-0.009941945708146788,0.00034187617174729305
2022-09-27,-0.0006842442304902599,0.22492844849848506,3371200,0.010484220898846989,-0.003326100554866055,0.023066558752072978,0.0020922483593887654,-0.04922127501308414,-0.0035166925169926476,-0.0025560147287469804,-0.005197918553346126
2022-09-28,0.02834198373504919,0.36086616914442826,2618000,-0.07713277811500174,-0.0026204794407024626,0.045448238269216075,0.020505159126874725,-0.009096901234383685,0.024729409386197627,0.019485277712052225,0.0029735268067543437
2022-09-29,-0.024243588642927014,1.0051261149317403,3249500,0.053543902316957874,0.009731443681197592,-0.011262184668438886,-0.0011449724954999327,-0.026456544503204848,-0.01995976002817355,-0.0211102318049051,-0.017830069050263162
2022-10-03,0.019113191473295765,0.4126355339188096,2261900,-0.04926467389430347,0.010974383879255693,0.050771073840550345,0.01818069303365146,0.017415056577181624,0.01719090107897529,0.026058736876293866,0.002173504459980518
2022-10-04,0.06415815585897884,0.3730258954576823,4147900,-0.034818480355421226,0.001392785558058473,0.03397328773398024,0.016520558026136455,0.07789515251689409,0.043694251881757344,0.03051625785631023,0.02539563255657696
2022-10-05,-0.026993931117792417,1.4087947844865885,2278700,-0.018049794693725838,-0.004615945891991933,0.014230278023359837,-0.005651843841279974,-0.03882772193277777,-0.01029456782400831,-0.0023309545840216068,-0.004795208615473278
2022-10-06,-0.03919466420542819,0.34766517567110666,4587200,0.06672531203596996,-0.003656530064929469,0.007831545794454152,0.00017523692601385205,-0.01674219617003635,-0.021896058714993605,-0.010369374353980764,-0.007872024559191953
2022-10-10,-0.017200286627651603,0.7553800443424141,3233400,0.03416725171638206,0.002692959063144989,-0.016433978867390873,-0.01971674459509101,0.010376218039031522,-0.006609870639270518,-0.007664623071973914,-0.00455905899073131
2022-10-11,-0.018207802292147954,0.18269652202527573,3524800,0.03571809085163382,-0.0028995860374332293,-0.019725803840981684,0.006814074389340839,-0.040821986829333225,-0.0181460950937672,-0.006353116679683497,-0.010704657728527266
2022-10-12,-0.01137182481325375,0.8691169707168886,1917900,-0.0017857556117495637,0.0005475451187238231,-0.023554501818735887,-0.005016375012451831,0.022592332882271658,-0.005208365027228553,-0.0033039164758035624,-0.00860603037844421
2022-10-13,0.04746182503856704,2.75231950804042,4240500,-0.04977364239369622,0.010418260953758526,0.020864845764892608,-0.00017965381824740632,0.07953712672626394,0.03489324297773977,0.02604884437309545,0.003524240020272473
2022-10-17,0.028503830367537477,1.9464930286173918,2681600,-0.02050867290942354,0.002657144400505838,-0.0017536863808918246,0.009276477868507263,0.010759237687895771,0.02414176953398473,0.02537233843840709,0.00891222832320111
2022-10-18,0.024374914085427725,0.802223369704665,2446800,-0.028125365341958763,0.00021429339450998902,-0.03137884507033144,-0.004839694866963967,0.03160010798952732,0.029380105601799704,0.011681134209780595,0.0023814860947462516
2022-10-19,-0.013468204292681689,0.4454699533320502,2167900,0.00848846846496936,0.0012237489762224436,0.032431461577801336,-0.013123948476874548,-0.0011527642385448808,-0.022919300030117256,-0.007111707070068097,-0.0016881331909128832
2022-10-20,-0.001356883388253912,0.07389379440177081,2620600,-0.02568467467285204,0.0006011445611192489,0.005013714100911246,0.00202562680358335,0.0011527642385447765,-0.013485693613051209,-0.008420690769296463,0.0027255101956909994
2022-10-24,0.016606160079750448,1.8211547099126077,3616600,0.005374545854703685,0.004270060179381972,-0.005541501030663559,-0.0013940959691325695,0.01557321122514502,0.00264732688431513,0.01216220459272166,0.006335941455671863
2022-10-25,0.07852131659939565,0.6286181555233328,3940500,-0.04768529212537634,0.002991378163893434,0.008711036333179677,0.0024837799570480903,0.02506938234931099,0.0135052923585047,0.015842429934322933,-7.128854039735269e-05
2022-10-26,-0.015961065020056283,0.054763721048569795,3975300,-0.04234570234723907,0.003002545192676145,0.029904715494257612,0.006753493473110318,0.0085745353172787,0.00495604423564743,-0.007562620874207404,0.006055641602050739
2022-10-27,-0.013707396613322232,0.04926969778364429,2869600,0.004024102845698542,-0.006895058962404017,0.013221257423768493,-0.001985171570581598,0.036672561907661425,-0.002722788964235088,-0.0053542858291678735,0.0024912038944149336
2022-10-31,-0.018119831488631135,1.2175451823934922,2250600,0.00503581009507937,0.004719599592441095,-0.015708661539025393,-0.002259168215868315,-0.022704821120375217,-0.0006083466571639078,-0.007249487083864056,0.006618485791080257
2022-11-01,0.005658622712937171,1.1816419165950534,1970300,-0.0027084441661897746,-0.0017861518677858435,0.021041416099027432,0.005547257675413403,0.0031266032377358865,0.018687662499222532,-0.0043854662275687375,0.012842711412976457
2022-11-02,-0.014525013284929045,1.1513560427512508,2317200,0.0019354039072249207,-0.002477678572831924,0.018277093719872264,0.0004254117317392756,-0.005216416300358666,0.0077340085729656685,-0.025416488450460573,-0.005875692472122633
2022-11-03,-0.001910263986897744,1.6666148000114258,2427600,-0.021893031368095072,-0.003093103127642533,-0.020542921998650533,-0.011243566259035888,-0.01581483357448476,-0.008929161957134744,-0.010350243431810614,0.006209596570563766
2022-11-04,0.046085410622750546,0.8633466996213084,3712400,-0.03009254241419883,0.003508125069180416,0.049130385441120944,0.02739728333020796,0.03241270856266253,0.014602214922570958,0.01429053495439394,0.020133666588026223
2022-11-07,0.005462845179018381,1.0551235138901869,2740300,-0.008179957968859137,0.0013048267683840014,-0.008893764567584613,0.0023887739038996633,0.008196759194820213,0.008449777166592527,0.009520119545588492,-0.004755769910329587
2022-11-08,0.0006051575697882096,0.4941326544937639,1712800,0.047714021256488805,0.0015150858545886594,-0.03187870588315595,0.02101238604477114,0.009141775209483836,-0.0033948047601026006,0.005380911362787851,0.0008352808717086312
2022-11-09,-0.006676844701599464,0.0012092712846601527,2211400,0.0213062185459617,0.001623611611082067,-0.03525604625836199,-0.0011688389084410285,-0.02560303611190384,-0.02169233256552581,-0.020817264954697857,-0.0013422854470153019
2022-11-10,0.06598393046989183,1.388235499741309,4309700,-0.10327587307618198,-0.007027812181036977,0.007428930025776933,0.023235395651179536,0.05450389686350357,0.06213907082681832,0.05349730918360149,0.010769209303646403
2022-11-11,0.05867756208770306,0.48204887617777137,4186800,-0.0438724083225021,-0.0020417272002625796,0.028389273121412952,0.008929872470112414,0.04231396393746111,0.022052299216724722,0.009631963688169676,-0.007799486285670117
2022-11-14,-0.017901205782882523,1.3161370599530902,2996700,0.05233622755869435,-0.008660109177459793,-0.03535226354107958,0.004294263372937783,-0.01422495465118238,-0.010742683082757455,-0.008543112649075422,0.009140957388909713
2022-11-15,0.00871939279497648,1.080165299558484,3189700,0.03356442543314979,-0.0015910156633019794,0.012153577652508817,0.00011279993292139435,0.007611827614579873,0.007653550207147168,0.008492875431373566,-0.0021417454765199954
2022-11-16,-0.005986445652456822,1.7546767143942406,1610000,-0.01767775908195146,0.003251220878567902,-0.015419723215384675,-0.0004511383955566457,-0.0018975772141867572,-0.00754218644392572,-0.007657991471810931,-0.0024726867360753886
2022-11-17,-0.002732947142519516,1.2433578890469001,2083700,-0.007493802835230617,0.0050660435255457815,-0.047249080641357105,-0.006904748131308381,-0.0009500499638027164,-0.009733284458799275,-0.003064551699797081,-0.0006395824394653825
2022-11-18,0.002186934073483323,1.0541162715795276,1255600,-0.03443483456993681,0.0059422883905728046,-0.019293172593227038,-0.005067351765360675,-0.0019029936597422328,0.0028066255702761055,0.004530126744089201,0.00529460916465347
2022-11-21,0.0010917281704876788,0.1372369029839599,1908200,-0.03342440451971913,-0.002616329330493396,-0.004380189254109803,-0.008311170299651035,-0.00573071490215623,-0.0013461424290932872,-0.0036427210104271073,-0.0011651355722724019
2022-11-22,0.001090537599751267,0.5010027373818935,1830200,-0.04903615367539873,-0.0032750120637992674,0.015185673806176454,0.0005178953391911294,0.00382409295183407,0.006601381599692625,0.013367258722167092,0.010236291575045858
2022-11-23,0.005976584190387397,0.333196437110481,1264400,-0.04515659127403576,-0.0011212515689681215,-0.03789231118961153,0.0037896091787737837,0.016091221123524246,0.0028953487758746287,0.006281852116995351,0.0016624739886092483
2022-11-28,-0.0267702295070895,1.480156254516041,1568500,0.08011771054057053,0.00021383077302929658,0.012506665173971046,-0.007557185534083681,-0.025294130974613253,-0.011283352621241334,-0.016085692069329978,-0.0016978080166631868
2022-11-29,0.011013369283882376,1.2990829774830128,1362200,-0.014512713032827779,-0.0006416295387915685,0.012352178622964359,0.004758529161550502,0.0037878797250467315,0.0131515675040199,-0.0017190202256002212,0.00507141084266954
2022-11-30,0.009809359388932374,1.59324200307769,3324500,-0.06171015695339056,0.003955465664545467,0.029608538983256973,-0.001373640553271435,0.00471478390069463,0.02161363361928229,0.031014633257035917,0.008100765840239211
2022-12-01,0.0027077859299939563,0.8182861476391673,1958100,-0.036619617151065965,-0.0016962011543187074,0.008283389778253769,0.0310701183883798,-0.01995315947260377,-0.0007524017653712218,-0.0007361122062506757,-0.0019297499395756143
2022-12-02,-0.0016238535408436105,1.7143788713032695,1379400,-0.040108239341404936,0.0021426267094175576,-0.015384891896905036,-0.002891273168903714,0.012398834354112912,-0.009724566459626879,-0.0011543830035115122,-0.0003043136384486871
2022-12-05,0.0010828619632687558,2.3337834636008363,2741000,0.08495437647046357,0.0015001303570403666,-0.03888072395306297,-0.015996748721572914,0.004728159104521697,-0.02517862619489587,-0.01815302749679934,0.0014943177455598138
2022-12-06,-0.01033452898383361,0.06951353026863998,2203500,0.06619378039282739,0.0018316001628575858,-0.03545814375496243,0.0010744618189316108,-0.013295574822016135,-0.025943203539721044,-0.014519702260977834,-0.0061104840505321455
2022-12-07,-0.0032859488788306705,1.4922889028439326,1665800,0.022743465245738823,-0.0031694653362754396,-0.030632749756286597,0.009114472318120768,-0.0019139200223934648,-0.0026317694202546396,-0.0017026469976163603,-0.004290269038123542
2022-12-08,-0.0021965416901247076,0.33365296919836884,1586300,-0.017345303844040455,0.0025221810473189327,-0.00766718814300438,0.0017905836665891154,0.012375228748943643,0.01602584337701596,0.007803400621268784,-0.0022725155229161237
2022-12-09,0.0027449502078515514,0.21923090993571254,1686400,0.023937268728642467,-0.0005565364265602652,-0.006176359536017363,0.005241466558799575,0.00847863341337227,0.008756216287445301,-0.007498240360482925,0.000588662954160335
2022-12-12,0.0010959156035857235,0.41962653825203305,2021500,0.09080036766832521,-0.00426035726633945,0.02982399562377329,-0.009836314542059353,-0.004701484156158297,0.01827396207817933,0.014314303078420583,-0.004101180805800062
2022-12-13,0.0270140680771783,0.5857244096433107,3502600,-0.10314079275274912,0.002710472569466948,0.029889156256414372,0.01858501310552256,0.027882865591442565,0.017298982462319173,0.007541335653240592,0.007612624006314793
2022-12-14,-0.018289920809534215,0.03286800150697969,1776900,-0.06456808054524124,0.0008107150120132468,0.02476054198072616,-0.0035345617904352757,-0.022243713394936873,-0.024126481037836996,-0.006414056305424778,-0.0009334080858979059
2022-12-15,-0.027519623164809777,0.12533493259131764,1898100,0.0769085056296651,-0.0004255706096700659,-0.015255503809779651,-0.0169056104459163,-0.03820900395061986,-0.03040224133915684,-0.024765822310819672,-0.00934187727858461
2022-12-16,-0.009531895882834242,0.28902246764641676,2505700,-0.009240949410513647,-4.0531352138967856e-05,-0.024203304811224517,0.007176555247797316,0.021195332075790555,-0.010649975233205036,-0.016457910405921157,-0.012752332045479722
2022-12-19,0.006737860213167507,0.25966050960866677,2440500,-0.008881086742406634,0.0024596494558730185,0.01204191037235116,-0.0012857697271356746,0.0028558502340644922,-0.015196598123103864,-0.008515818978745046,0.003974538999032613
2022-12-20,0.008913699164133058,0.6774643121573112,2115000,-0.04283117271744946,-0.0037069574731815732,0.011898526200013675,0.015651375902693578,0.05995336908814399,-0.0045691529824434755,0.0013674650624644056,0.0012626062172462452
2022-12-21,0.02681417863656862,1.1472826933945397,2391500,-0.06789610072682875,-0.0013707735940407442,0.02850309055409988,0.0,0.015104691843964227,0.01988089686100978,0.014841756314111894,0.0170438024125066
2022-12-22,-0.007044248508382792,0.452706193090016,1633200,0.09045170754006278,-0.0012810821625444998,-0.010271024405837678,-0.016042989850930472,-0.00619194308574956,-0.005772354796601736,-0.014368875361936895,-0.0037416692365214604
2022-12-23,0.01242931149362002,1.9545480929995067,1608000,-0.05136509384120208,0.004182909134812659,0.02636255509138068,0.004968066459595485,0.009713070084925763,-0.003014869296260433,0.005735784166452185,0.0004952645090113546
2022-12-28,-0.005379166994359949,0.7944949363265766,1226200,0.022380462884019337,-0.0029997247202667035,-0.007192910089677919,-0.0038093315032526956,-0.014134497835800166,-0.007078822457297874,-0.012505743674206015,0.0032331186059320234
2022-12-29,0.01392621973511456,1.9127774095608092,1217500,-0.032127538600664654,-0.002481317152877722,-0.007117436711298444,0.0063957738601456895,0.016762680403869978,0.009192743503031266,0.017840227729302653,0.002065304246690581
2022-12-30,-0.006938867613939692,2.0756997536935997,1592400,0.010670457956980314,-0.0022842229098703356,0.023447444636044895,0.0001098874339190406,0.007843190497912158,-0.002584298722457146,-0.0026375503873759484,-0.008152727310286068
