index_x,Date,log_return,index_y,Spread,index,volume
1,2021-01-05,0.022146212991157307,1,0.3869022170937384,1,3584400
2,2021-01-06,0.0329885668203282,2,0.8034795366808349,2,5241300
3,2021-01-07,0.028722573400967042,3,0.8442749909442362,3,4618000
4,2021-01-08,-0.01621832503866716,4,0.10641658861330855,4,2133900
5,2021-01-11,-0.003931880595712694,5,0.30891580277057656,5,2451400
6,2021-01-12,0.008499568517422779,6,0.8693316550967283,6,4100300
7,2021-01-13,-0.016409951804694907,7,0.9735746514916032,7,2796100
8,2021-01-14,0.00856678167691789,8,0.3581784124684377,8,2441800
9,2021-01-15,-0.007243999875901149,9,0.9430169011147957,9,1786100
10,2021-01-19,-0.015318348014687845,10,0.9702590104387926,10,3521100
11,2021-01-20,0.0033500997290925585,11,0.4024358575887409,11,1547100
12,2021-01-21,-0.0013386550869709803,12,1.0119700973257453,12,2223600
13,2021-01-22,-0.003354594895671835,13,0.46034580799873626,13,2942200
14,2021-01-25,-0.02380257789143325,14,1.8627935867078866,14,5256700
15,2021-01-26,0.027826692413442593,15,1.5054896197566172,15,3954400
16,2021-01-27,-0.025764080029509324,16,0.6580623082055804,16,5011100
17,2021-01-28,0.037078681974721424,17,1.0480821587601534,17,5087700
18,2021-01-29,-0.04882320880538664,18,0.5761900625787894,18,4469300
19,2021-02-01,0.01722398722647047,19,0.8621996808117514,19,2134800
20,2021-02-02,0.013568716037264268,20,0.789412346343711,20,2134900
21,2021-02-03,0.006046383970102229,21,0.418005685353965,21,2018600
22,2021-02-04,0.0026755842775930396,22,0.21719928416788478,22,2551700
23,2021-02-05,-0.0026755842775931264,23,0.34748582495501207,23,2800400
24,2021-02-08,0.02709117389462984,24,1.860124078536593,24,7188100
25,2021-02-09,0.0,25,2.169434008712824,25,3140700
26,2021-02-10,0.005849880266980227,26,0.8472430356811163,26,3233900
27,2021-02-11,-0.008460845288428928,27,0.45137670397807506,27,1709300
28,2021-02-12,0.006514643784101049,28,0.39874262396493926,28,1279500
29,2021-02-16,0.029432709910795985,29,0.9425353033288969,29,2377500
30,2021-02-17,-0.015248057474640902,30,0.1558559289798229,30,2395200
31,2021-02-18,-0.016134586980205243,31,0.4151870388232039,31,1759100
32,2021-02-19,0.00971199414538276,32,1.3864039899484488,32,1788500
33,2021-02-22,0.013440143718717629,33,1.9604220034947064,33,2060900
34,2021-02-23,-0.007657975435301658,34,0.3313820785231466,34,2423900
35,2021-02-24,0.02217388187825372,35,0.18500245431172604,35,1917400
36,2021-02-25,-0.01007564230707611,36,1.0173848991558885,36,3023700
37,2021-02-26,-0.017880407854593636,37,1.2675971082306514,37,3099400
38,2021-03-01,0.018513133512446787,38,0.9257669158968896,38,2231700
39,2021-03-02,0.010695233929490145,39,0.16007142211216455,39,3143800
40,2021-03-03,-0.011961085840434803,40,1.419344443518502,40,4043900
41,2021-03-04,-0.025009341202834785,41,1.2916331259657545,41,4839000
42,2021-03-05,0.014824667106439295,42,0.9452780538601724,42,3885800
43,2021-03-08,0.0031938826297416905,43,1.3548241686539366,43,4143800
44,2021-03-09,-0.005756341527768408,44,1.113061834392701,44,5048200
45,2021-03-10,0.004479987961623962,45,0.3920131209759906,45,2277600
46,2021-03-11,-0.014795994665708455,46,0.7188729659461299,46,3931900
47,2021-03-12,0.001295304845306119,47,0.43037609257574405,47,2526800
48,2021-03-15,-0.0032415063496341566,48,0.29294503176400166,48,2870400
49,2021-03-16,0.0071175072966750555,49,0.20267124430284994,49,2278100
50,2021-03-17,0.015355373326145297,50,0.5479485354629842,50,2920300
51,2021-03-18,0.016997604943081935,51,0.2586033066454862,51,4567800
52,2021-03-19,0.0006240392417650516,52,0.19113254074625474,52,4903000
53,2021-03-22,0.00435728622769955,53,0.3382987374446797,53,4628000
54,2021-03-23,-0.02452184098846219,54,0.3471544743899447,54,3362200
55,2021-03-24,0.004445843800023775,55,0.49368821736024976,55,2277200
56,2021-03-25,0.017588376768965693,56,1.041050664023027,56,2977200
57,2021-03-26,-0.001246015748584729,57,1.3488800811281247,57,3629000
58,2021-03-29,-0.028455966658897127,58,0.2983692985167725,58,3544500
59,2021-03-30,0.00064124585144455,59,1.1553471515454188,59,2480600
60,2021-03-31,-0.004497318742468857,60,0.14889729964891868,60,2795900
61,2021-04-01,0.020395904424570042,61,0.7379727716233682,61,3430600
62,2021-04-05,0.010044016914022832,62,0.7970266164167947,62,1741500
63,2021-04-06,0.013647812016910947,63,0.053104208434000946,63,3241500
64,2021-04-07,-0.0006163469677096402,64,0.32249297549470257,64,2583500
65,2021-04-08,-0.0018512056775790565,65,0.9369394666465805,65,1756600
66,2021-04-09,0.0006174886569402198,66,1.4847017972005627,66,1298800
67,2021-04-12,-0.0018536110261095585,67,0.14887381671512417,67,2213300
68,2021-04-13,-0.03332592123850824,68,0.1373396446837833,68,2138500
69,2021-04-14,0.009545068782908702,69,0.9036561612367556,69,1447600
70,2021-04-15,0.0044233687079613575,70,0.7337971323428439,70,2417900
71,2021-04-16,0.015640040515767742,71,0.6571953787275704,71,2182400
72,2021-04-19,-0.010608588038078156,72,0.5569591035831052,72,3051700
73,2021-04-20,-0.023485680791643006,73,1.29471553287079,73,2350800
74,2021-04-21,-0.0070899206189254825,74,0.010350464905018519,74,4031300
75,2021-04-22,-0.017618756643593254,75,0.97339616306718,75,4225200
76,2021-04-23,0.00917439892380364,76,1.0788070395642013,76,2317300
77,2021-04-26,0.003256283611440886,77,1.4619182900135046,77,3065600
78,2021-04-27,-0.010457601540250413,78,0.9399120660969315,78,4106800
79,2021-04-28,0.021450280913011377,79,0.4386264878871161,79,2947300
80,2021-04-29,0.002569041966083473,80,0.15351874975563448,80,2537900
81,2021-04-30,-0.019430675411160146,81,0.43917072450326966,81,2560800
82,2021-05-03,0.004567687921709934,82,1.2835085149448258,82,2381500
83,2021-05-04,-0.023716504265574045,83,2.1219109773676115,83,2969500
84,2021-05-05,0.023716504265574045,84,0.6998307587650292,84,2835800
85,2021-05-06,0.019342975451074117,85,0.26326166184845956,85,3649200
86,2021-05-07,0.008900271285889777,86,0.08751227754268638,86,2934000
87,2021-05-10,-0.02369626595159825,87,0.421137891137611,87,3849700
88,2021-05-11,-0.020956932590060477,88,0.2641050011870454,88,3675000
89,2021-05-12,-0.009976778466826637,89,0.6185487422259386,89,2391200
90,2021-05-13,0.020510174112252647,90,0.3214409735868658,90,2219700
91,2021-05-14,0.01430449044415886,91,2.0231122729096773,91,1782800
92,2021-05-17,0.005793395893012646,92,0.29810126713706947,92,1901400
93,2021-05-18,-0.0032144155794767825,93,0.52767888795927,93,1433000
94,2021-05-19,-0.0006440757160557214,94,1.1712110590133322,94,2948000
95,2021-05-20,0.014710821021487767,95,0.6099861376965111,95,2845500
96,2021-05-21,0.007590162055527754,96,1.4708341638442675,96,1888000
97,2021-05-24,0.006907384364921437,97,0.9843697883828725,97,1629300
98,2021-05-25,0.0006256008397104669,98,0.7539551637475692,98,2366100
99,2021-05-26,-0.0037593694525453443,99,0.2065771900444609,99,2016700
100,2021-05-27,0.01865721024245742,100,1.0870713603347537,100,3139700
101,2021-05-28,0.008589089327876913,101,0.048364884082281866,101,2996200
102,2021-06-01,0.007303680041878186,102,0.31725883310826786,102,2525300
103,2021-06-02,-0.003645172067990419,103,0.2427758824557823,103,1851400
104,2021-06-03,0.005462845179018381,104,0.3210909070888599,104,2041000
105,2021-06-04,-0.003031293303629397,105,0.01214720688210603,105,1422900
106,2021-06-07,0.0,106,0.4355282438317184,106,1332400
107,2021-06-08,-0.0012149789081896834,107,1.2677478394446602,107,2075000
108,2021-06-09,-0.011002574224287952,108,1.043120316625254,108,1572400
109,2021-06-10,-0.005547018874747665,109,1.2031567546313922,109,1954500
110,2021-06-11,0.0037013901481804516,110,1.6006190425561158,110,2041400
111,2021-06-14,0.0012307975562154533,111,0.4642095728457488,111,1421700
112,2021-06-15,0.006742324453552637,112,0.6892011653087263,112,1625800
113,2021-06-16,-0.011674512157948494,113,0.01843932852644587,113,1952500
114,2021-06-17,-0.01871546746604564,114,2.0562437195152823,114,3036000
115,2021-06-18,-0.022930918775442396,115,1.7051258080689555,115,2733700
116,2021-06-21,0.004500148607079923,116,0.8894881986395616,116,2038400
117,2021-06-22,-0.010964319774324232,117,0.15194698482472338,117,2283300
118,2021-06-23,0.004529266569764162,118,0.19366215742379836,118,1878600
119,2021-06-24,0.010915041166184053,119,1.0735324949642764,119,2013600
120,2021-06-25,0.0012763535661445655,120,0.7363961692296443,120,2016800
121,2021-06-28,-0.008325383493851935,121,0.6291614586774749,121,1649700
122,2021-06-29,-0.004511812300866635,122,0.0025732853622591283,122,2066200
123,2021-06-30,-0.009085032704114567,123,0.3582908932691213,123,2240900
124,2021-07-01,0.008438875959878774,124,0.5926330992176977,124,1955700
125,2021-07-02,-0.003886042415898689,125,0.5071385149296104,125,1396300
126,2021-07-06,-0.014379350447004212,126,1.2301199000840857,126,1936000
127,2021-07-07,-0.007267931462615396,127,0.6584160388622755,127,1567000
128,2021-07-08,-0.026883313545619836,128,0.21328981500349098,128,2777800
129,2021-07-09,0.020229903555840235,129,0.13853795243471648,129,2988800
130,2021-07-12,0.007978821553023952,130,0.7296073128178462,130,2860100
131,2021-07-13,-0.003316765215476726,131,0.7485236045599977,131,2274000
132,2021-07-14,0.002654279023314883,132,0.106161995060067,132,2574400
133,2021-07-15,-0.003984096893117225,133,0.005310462318781404,133,1614900
134,2021-07-16,-0.010702433222525556,134,0.11660586310477113,134,2192200
135,2021-07-19,-0.02244228329418461,135,0.5011206277499695,135,3500900
136,2021-07-20,0.04898667972673005,136,1.1977056541036792,136,3973600
137,2021-07-21,0.03411980289623254,137,0.8539704543019924,137,2822900
138,2021-07-22,-0.006986412104019818,138,0.8021331410882893,138,2506200
139,2021-07-23,0.0151806030785284,139,0.8101269925988994,139,2845600
140,2021-07-26,0.017424136189156926,140,0.3428196332760966,140,2500700
141,2021-07-27,0.0,141,0.3642049604443748,141,2609700
142,2021-07-28,-0.0018523487767710682,142,0.035756003025839096,142,1784500
143,2021-07-29,0.020795865310854852,143,0.9724131554808432,143,1811900
144,2021-07-30,-0.00242429909809359,144,1.056965921193876,144,2049900
145,2021-08-02,0.0036342482434585962,145,0.39515598469848806,145,2316400
146,2021-08-03,0.00962702015984369,146,0.2302837287485456,146,2075400
147,2021-08-04,-0.0060060467651042275,147,1.405070670427156,147,1889300
148,2021-08-05,0.008398333045977714,148,0.16551661213198335,148,1882200
149,2021-08-06,0.008920643294269085,149,0.2255693674448081,149,1958200
150,2021-08-09,-0.0017777059079791522,150,0.34706856797455854,150,1650900
151,2021-08-10,0.004143225395915029,151,0.32366588625464787,151,1539200
152,2021-08-11,0.008235304757663367,152,0.9087302197739193,152,1465100
153,2021-08-12,-0.0005860081695817492,153,0.8619641163234215,153,1106300
154,2021-08-13,0.003510908975371523,154,0.6332436832405989,154,1649300
155,2021-08-16,-0.0029249008057898474,155,0.014669611441688088,155,1274400
156,2021-08-17,-0.011785572623482263,156,0.791709994885233,156,1788600
157,2021-08-18,-0.005349204345434518,157,0.6249785198673736,157,1698200
158,2021-08-19,-0.01199059685394651,158,0.6021371934092541,158,1917900
159,2021-08-20,0.0024096948171079156,159,0.12892692791425645,159,1647500
160,2021-08-23,0.006596647714195054,160,0.5962675850999731,160,1561900
161,2021-08-24,0.005959516032616415,161,0.7097424744861228,161,1311800
162,2021-08-25,0.010050340386712662,162,0.7039444148328661,162,1623000
163,2021-08-26,-0.01600985641932918,163,0.10928066977769245,163,1216400
164,2021-08-27,0.01011011171996746,164,0.21411674907656605,164,955800
165,2021-08-30,-0.013702898017430389,165,1.56441807335647,165,1304900
166,2021-08-31,-0.0006000737596644251,166,0.17777966636153794,166,1394200
167,2021-09-01,0.005387630691315869,167,0.9621494274174587,167,1511600
168,2021-09-02,-0.0005972068824963322,168,0.17038535912382793,168,1123800
169,2021-09-03,-0.0005975637516922057,169,0.7938512804727262,169,1206700
170,2021-09-07,-0.0005979210476472736,170,1.2093258408904854,170,1192700
171,2021-09-08,-0.007805453189304235,171,0.34598246654192066,171,1577600
172,2021-09-09,-0.004833841604674417,172,0.5048576300871742,172,1421300
173,2021-09-10,0.0018154731526009414,173,0.47877002963385784,173,1365100
174,2021-09-13,0.011421742689025063,174,0.2827871184298336,174,1784000
175,2021-09-14,-0.009609674615783183,175,1.3389843769483416,175,1546300
176,2021-09-15,0.008413474797008422,176,1.8385949945616467,176,1469400
177,2021-09-16,0.001793763570466925,177,0.4885825487526008,177,1770000
178,2021-09-17,-0.021129695872106995,178,1.5519978147735822,178,1698600
179,2021-09-20,-0.0629533853575133,179,0.33824446588203505,179,4181200
180,2021-09-21,-0.007827820950443544,180,1.1170102647045113,180,2868900
181,2021-09-22,0.022021563325054956,181,0.39307046810607316,181,1788400
182,2021-09-23,0.011465113318086206,182,0.0335085110271785,182,2253400
183,2021-09-24,0.005053701475513309,183,1.0547084876318102,183,1987500
184,2021-09-27,0.0168700976985504,184,0.7221430166451865,184,1914600
185,2021-09-28,-0.011215030613896193,185,1.208461132981955,185,2490900
186,2021-09-29,0.011215030613896122,186,1.2209523514356653,186,2744400
187,2021-09-30,-0.012468977988412996,187,0.9269352331289507,187,2708000
188,2021-10-01,-0.0006275039580507172,188,0.069480373285063,188,2753300
189,2021-10-04,0.001881451332567541,189,0.11458688174825728,189,2259500
190,2021-10-05,0.01307208389543175,190,0.3972791304584764,190,2088400
191,2021-10-06,-0.003096889167149672,191,0.1255542394848701,191,2242400
192,2021-10-07,0.01965663297318382,192,1.1325794051168763,192,1788100
193,2021-10-08,0.016289865704822337,193,0.7327590075268374,193,2163200
194,2021-10-11,-0.002996660238352537,194,0.3640595521129373,194,1590100
195,2021-10-12,0.002996660238352577,195,1.2532621330442921,195,1725200
196,2021-10-13,0.0023909704529633024,196,0.8847573659676797,196,1215000
197,2021-10-14,0.023599893097740555,197,1.1257805598356332,197,2479200
198,2021-10-15,0.007551651743522795,198,0.6840566491161035,198,2413000
199,2021-10-18,-0.0040592460862972305,199,1.6155016911059332,199,1355700
200,2021-10-19,0.004059246086297248,200,0.10324297330533391,200,1736600
201,2021-10-20,0.008643073928241513,201,1.7803480019135811,201,1741900
202,2021-10-21,-0.0005739012365480035,202,1.4933155383233505,202,1699200
203,2021-10-22,0.014249314845283403,203,1.0237524385434846,203,1614700
204,2021-10-25,0.005643377277720889,204,0.3307673391346474,204,2456200
205,2021-10-26,0.010635343971105746,205,0.6035217259367808,205,2995700
206,2021-10-27,0.004444553486186912,206,0.56183015122105,206,2775000
207,2021-10-28,0.007730540151350123,207,0.08946766366781685,207,1811700
208,2021-10-29,-0.0016515658424353051,208,0.1941729945943506,208,1633600
209,2021-11-01,0.02018071424204985,209,0.5756846589698259,209,2259100
210,2021-11-02,0.00269610499551427,210,0.3911165820130633,210,1759700
211,2021-11-03,0.001076451010607541,211,0.37926985344536407,211,2091900
212,2021-11-04,-0.020103955795965748,212,1.4734010039275875,212,2382100
213,2021-11-05,0.007109741143670267,213,2.1323886761869786,213,1862300
214,2021-11-08,-0.003275082830177255,214,0.24398301313118123,214,1803800
215,2021-11-09,0.0032750828301772216,215,0.14828247687622906,215,2355200
216,2021-11-10,-0.014270287446985924,216,1.0174994949716762,216,1545600
217,2021-11-11,0.0027601031981325692,217,0.31697778158942747,217,1842800
218,2021-11-12,-0.0022074516928114506,218,0.10585764044448553,218,1349400
219,2021-11-15,-0.004984787450993485,219,0.19302980813130519,219,865300
220,2021-11-16,0.0,220,1.0430832284126428,220,804900
221,2021-11-17,0.013237908132038654,221,1.3348390546537552,221,1444900
222,2021-11-18,-0.015461417443690655,222,0.5052895583934692,222,1535600
223,2021-11-19,-0.027074386640739228,223,0.5294097401048161,223,1662600
224,2021-11-22,-0.0011441911023711215,224,0.4608019058651605,224,1749800
225,2021-11-23,0.005707799988166712,225,0.8081379655691525,225,2103300
226,2021-11-24,0.005675405819449443,226,0.5799883059494817,226,1613800
227,2021-11-26,-0.03513177989044984,227,0.22612111664886203,227,1317900
228,2021-11-29,0.005261640609950164,228,0.3761840862612474,228,1629700
229,2021-11-30,0.007551651743522795,229,0.4291291242639654,229,3503900
230,2021-12-01,-0.005221952649657021,230,0.9313129480448985,230,2842500
231,2021-12-02,0.030930243804840555,231,0.08924768043760857,231,2574200
232,2021-12-03,-0.012485934898269201,232,0.5227172541687096,232,1902900
233,2021-12-06,0.012485934898269239,233,1.5177364340660748,233,2730000
234,2021-12-07,0.0162241833157588,234,0.31553526648855024,234,1750600
235,2021-12-08,0.000554797715444434,235,0.9289877297530911,235,1543900
236,2021-12-09,-0.006119663494466315,236,0.23177379739804255,236,1400200
237,2021-12-10,-0.0011167202687078536,237,0.8942854507664845,237,2218700
238,2021-12-13,-0.007289023608514828,238,1.0632014437246697,238,2910100
239,2021-12-14,-0.0005629174755217253,239,0.171116661048424,239,2196800
240,2021-12-15,-0.009618183027352583,240,0.5644369552710305,240,2296000
241,2021-12-16,0.015233042198409867,241,0.0937123018516526,241,2064400
242,2021-12-17,-0.02551886460685643,242,1.0817581636151896,242,2471800
243,2021-12-20,-0.009232601538346848,243,0.944507667700407,243,2575100
244,2021-12-21,0.012100354498384848,244,0.7200603929606738,244,1905300
245,2021-12-22,0.0074180694484085605,245,1.0723646054760694,245,1606700
246,2021-12-23,0.012990837493036284,246,0.36382929176494805,246,1422100
247,2021-12-27,0.01393168279840605,247,0.12670611798137546,247,1052300
248,2021-12-28,0.0022112178821773955,248,1.2288856235894194,248,1084300
249,2021-12-29,-0.0038727402134528916,249,0.7924659950816378,249,1325300
250,2021-12-30,-0.0066741535800700245,250,0.11794019063553371,250,1798500
251,2021-12-31,-0.0027940356696666995,251,0.6510330324212733,251,1089100
252,2022-01-03,0.01389297079554885,252,1.0454284485730776,252,1887200
253,2022-01-04,0.027219969990390003,253,0.5141489416856981,253,2363300
254,2022-01-05,-0.012429311493619912,254,0.8781941535100596,254,2868200
255,2022-01-06,0.03368407575782352,255,0.7567676551452304,255,4109400
256,2022-01-07,0.01720135800525368,256,1.1725045488407206,256,3074600
257,2022-01-10,-0.0057010058485733334,257,0.5226968629292895,257,3539900
258,2022-01-11,0.0062176800334388166,258,0.07247721887839467,258,2545300
259,2022-01-12,0.010788652439069308,259,0.5552481003360322,259,2275200
260,2022-01-13,0.0,260,0.7379260663831048,260,2379100
261,2022-01-14,0.0025517310976760094,261,0.4448011190878091,261,2186400
262,2022-01-18,-0.011792059134685577,262,1.3850474090230247,262,5706900
263,2022-01-19,-0.011410876739499115,263,0.6541894118372937,263,2711200
264,2022-01-20,-0.000521796458577616,264,0.14981427016911267,264,6415700
265,2022-01-21,-0.006808047188514344,265,0.13298817568231028,265,7836900
266,2022-01-24,-0.02986896035543426,266,1.3133177675788876,266,11875800
267,2022-01-25,0.007551346416237452,267,0.17940761527776505,267,6053100
268,2022-01-26,0.010157725802890963,268,0.6277614196718163,268,6186500
269,2022-01-27,-0.020419794284948115,269,0.6735495362775489,269,7977200
270,2022-01-28,0.0005427532713055122,270,0.68837843420036,270,9245700
271,2022-01-31,0.012938173399702964,271,0.13394361778064925,271,6229600
272,2022-02-01,0.08861692051059708,272,1.0300766189120492,272,9568100
273,2022-02-02,0.0063523823261247905,273,1.2067532472484057,273,5507700
274,2022-02-03,-0.007823993038605991,274,0.14654762906528665,274,4193000
275,2022-02-04,0.0019616979074265272,275,0.16030072302198814,275,4220400
276,2022-02-07,0.009751455171088216,276,0.28235878765497197,276,3481500
277,2022-02-08,0.020649006866457376,277,0.09776464491224242,277,3933600
278,2022-02-09,0.012281605513459847,278,1.0630547231027199,278,3769700
279,2022-02-10,-0.005649682314687709,279,1.3810921984429958,279,4029300
280,2022-02-11,-0.022440723381463603,280,1.2973380877562055,280,7004900
281,2022-02-14,-0.005811102749999146,281,2.006532456586953,281,5958300
282,2022-02-15,0.006293855801544901,282,0.2178704152454443,282,3517300
283,2022-02-16,-0.010674498107657172,283,0.6892826548059979,283,3857200
284,2022-02-17,-0.015237427368025958,284,0.21579459332068188,284,3459000
285,2022-02-18,-0.0014870231420124956,285,0.4751322576773235,285,2920800
286,2022-02-22,-0.035853326344190715,286,0.8105513545264799,286,5900900
287,2022-02-23,-0.013457771440529483,287,0.15752976639833816,287,3599500
288,2022-02-24,-0.06679918041172615,288,0.29204353440010233,288,12574900
289,2022-02-25,0.04892277669326257,289,1.6710387928847652,289,6322500
290,2022-02-28,-0.03839352309087357,290,1.0105926658050977,290,7206700
291,2022-03-01,-0.042799339490329075,291,1.2715906867721265,291,9217500
292,2022-03-02,0.007452087819315474,292,2.28276906770164,292,6084300
293,2022-03-03,-0.027795624374897247,293,1.6951822683809794,293,8141200
294,2022-03-04,-0.06928653283951662,294,0.2658117713213992,294,9454000
295,2022-03-07,-0.049671638972296074,295,0.8157534008878038,295,12411000
296,2022-03-08,0.06713931512471262,296,0.34046293993111804,296,16882900
297,2022-03-09,0.04415592104959872,297,2.1618736123943707,297,11455600
298,2022-03-10,-0.015504200643573903,298,0.3084803327976968,298,9364100
299,2022-03-11,-0.0018044383420474327,299,0.8542115110205311,299,7860900
300,2022-03-14,0.02320838368498295,300,0.14086194315032002,300,9394000
301,2022-03-15,0.0064497795200982935,301,0.9288627520163328,301,6389900
302,2022-03-16,0.05514322716791809,302,0.9918063039245255,302,7328600
303,2022-03-17,0.013186991843685023,303,0.6448789922169829,303,6168000
304,2022-03-18,0.015705760863208688,304,0.20447303821947926,304,5366200
305,2022-03-21,0.007494648965293854,305,1.6990345611070148,305,6099300
306,2022-03-22,0.023716566353745132,306,0.0004582804814766443,306,4647800
307,2022-03-23,-0.015219444168962837,307,0.38010486074467825,307,4024100
308,2022-03-24,0.009997480423618789,308,0.6249365442215578,308,2722700
309,2022-03-25,0.012487142890083788,309,0.46983280153329515,309,3241500
310,2022-03-28,-0.007265179144739757,310,1.3046265251055136,310,3579600
311,2022-03-29,0.024184317509498576,311,0.5685944896118076,311,3280700
312,2022-03-30,-0.010733606568431643,312,0.09195041384145286,312,2743800
313,2022-03-31,0.004102663757413177,313,0.10137092192153216,313,4392300
314,2022-04-01,0.00764722630568063,314,0.18063534966718298,314,3454500
315,2022-04-04,0.013619305240887744,315,0.7084711384575545,315,3916400
316,2022-04-05,-0.05245410905994182,316,1.1849347960019427,316,4486500
317,2022-04-06,-0.018652306013856045,317,0.34753029798369856,317,4693500
318,2022-04-07,0.0,318,0.663660046586933,318,4257800
319,2022-04-08,-0.0032327325882650316,319,0.5106302246590466,319,3022900
320,2022-04-11,-0.007040433470260997,320,0.2487526109521582,320,3518200
321,2022-04-12,-0.03202923896569119,321,0.3148864692674204,321,2991900
322,2022-04-13,0.002242204705373547,322,1.4290225183628207,322,3411400
323,2022-04-14,-0.014096652455084686,323,0.10151250976597286,323,4189700
324,2022-04-18,0.0,324,0.34758657131146115,324,2428800
325,2022-04-19,0.014656418967104855,325,0.7637162276756886,325,3060000
326,2022-04-20,0.002235831418324566,326,1.0765188357588384,326,2726100
327,2022-04-21,-0.023729931608846195,327,1.5384611820385359,327,3053200
328,2022-04-22,-0.012079472831732017,328,0.9522399011328577,328,4940700
329,2022-04-25,0.0034661770398201923,329,0.6716074479580917,329,5558500
330,2022-04-26,-0.029258962276939453,330,0.3777310834692031,330,4719000
331,2022-04-27,0.02463468104088732,331,1.4226626064414636,331,4790200
332,2022-04-28,0.001158104196232118,332,0.5848854592653808,332,3738300
333,2022-04-29,-0.02579278523711933,333,0.6889835989259929,333,4146000
334,2022-05-02,0.0029646768076290386,334,1.196279983987951,334,3321800
335,2022-05-03,0.026294285469310504,335,1.1101756825555673,335,3525100
336,2022-05-04,0.030107395982433494,336,2.4145060911148546,336,5851600
337,2022-05-05,-0.0387955256719107,337,0.05583957355636781,337,5263600
338,2022-05-06,-0.0029129729028245736,338,1.3961136758875456,338,4991700
339,2022-05-09,-0.040481737932280035,339,0.9886916646617525,339,6572400
340,2022-05-10,0.026380459729277463,340,0.32065646221201866,340,4930300
341,2022-05-11,-0.013702898017430389,341,0.35898953699887964,341,4309400
342,2022-05-12,0.0017980637682815889,342,0.18712034474854616,342,4907000
343,2022-05-13,0.03587557322786308,343,0.9103590253913868,343,3798100
344,2022-05-16,-0.011036918601331493,344,0.24284006042915623,344,4081500
345,2022-05-17,0.026514468182978767,345,0.9927423210896814,345,2702500
346,2022-05-18,-0.013745907765057283,346,1.09155005426194,346,2929600
347,2022-05-19,0.019983558209337733,347,0.4383049425524047,347,4195700
348,2022-05-20,0.007321866555701908,348,0.4907443764015777,348,3427900
349,2022-05-23,0.033658383323175806,349,0.8544462610663207,349,2872400
350,2022-05-24,0.018812722102335543,350,0.1911966877789079,350,3722500
351,2022-05-25,-0.012861900823807582,351,0.3863394291590468,351,3209400
352,2022-05-26,0.019760265082299836,352,0.2596492617765429,352,2440500
353,2022-05-27,0.0031678731493304402,353,0.4852635200204599,353,4940700
354,2022-05-31,-0.005285343895596781,354,1.0319005774807553,354,3200700
355,2022-06-01,-0.005846448076332771,355,1.0195285258427973,355,6122400
356,2022-06-02,0.017437689952132903,356,0.48574010686983093,356,2980300
357,2022-06-03,-0.015839783581183015,357,0.49536335864622855,357,1880000
358,2022-06-06,0.00795125380571875,358,0.1163633068474327,358,2048200
359,2022-06-07,-0.004232806387735965,359,0.33275026187070034,359,2533500
360,2022-06-08,-0.05280144616382085,360,1.1207197812415273,360,5776900
361,2022-06-09,-0.03295752506814608,361,0.7366604938583454,361,4686600
362,2022-06-10,-0.0263403495606997,362,1.570858145841373,362,5169000
363,2022-06-13,-0.049235186734013704,363,0.6224398224240463,363,6944000
364,2022-06-14,-0.005623207629031424,364,0.48386860510063484,364,5553000
365,2022-06-15,0.01739172622799887,365,0.11754455019542702,365,7107200
366,2022-06-16,-0.04148928509413597,366,0.3216745950326705,366,7758500
367,2022-06-17,0.008309419150039887,367,0.027107651126535515,367,4113500
368,2022-06-21,0.01327873051284342,368,1.120620029394106,368,3195700
369,2022-06-22,0.011864049866815099,369,1.0199767484831515,369,3203100
370,2022-06-23,-0.0206969365796349,370,0.5748507174818716,370,2764300
371,2022-06-24,0.06382533790542609,371,0.5693732795513384,371,4532500
372,2022-06-27,0.0005943672683270895,372,0.7185892666281833,372,2834700
373,2022-06-28,-0.016776947945493184,373,1.0866756576363965,373,2236600
374,2022-06-29,-0.010935613074419545,374,1.4992048295319735,374,2138100
375,2022-06-30,-0.00920543629558659,375,1.495616065928403,375,3600900
376,2022-07-01,-0.005564166246236886,376,0.3498131951737979,376,3613800
377,2022-07-05,-0.02384047483612514,377,0.5503629860431468,377,3689600
378,2022-07-06,-0.014066745305432091,378,1.089682565825683,378,4849800
379,2022-07-07,0.014066745305432076,379,1.1565449263839096,379,3014400
380,2022-07-08,0.012618452000912809,380,0.8366694052356219,380,3173900
381,2022-07-11,-0.014525013284929045,381,0.5469780830941534,381,2735200
382,2022-07-12,0.012642381220944278,382,1.9931095538450367,382,2654100
383,2022-07-13,-0.013915485003025195,383,0.6485561350947303,383,2616600
384,2022-07-14,-0.029081197152124254,384,0.7766360395242763,384,3257100
385,2022-07-15,0.029081197152124327,385,1.1299112828012152,385,2862500
386,2022-07-18,0.01265838502883384,386,0.23791024480347941,386,4218600
387,2022-07-19,0.030962226335424465,387,0.46935130718108803,387,2982500
388,2022-07-20,-0.012887510893378171,388,0.38290446787369276,388,2688300
389,2022-07-21,0.028016392838932716,389,0.5752511380474048,389,2263200
390,2022-07-22,-0.007838397712860929,390,0.21801290212572128,390,1754300
391,2022-07-25,0.01561594615703352,391,0.58381919208819,391,2560100
392,2022-07-26,-0.11949787220634292,392,2.3419604690974736,392,9509400
393,2022-07-27,0.029121818153761372,393,1.6697277684010823,393,3545500
394,2022-07-28,0.03209518116639238,394,0.5158780640304037,394,4214900
395,2022-07-29,0.025570451566481408,395,0.1866799356402882,395,3205200
396,2022-08-01,-0.00617669561410265,396,0.7803789987496369,396,2467200
397,2022-08-02,-0.013096481946463723,397,0.10557161373325227,397,2346200
398,2022-08-03,0.010615152604932464,398,0.36764375444484076,398,2152300
399,2022-08-04,0.02332820102021464,399,0.4954143981127392,399,2564500
400,2022-08-05,-0.015902490350399326,400,1.2295665189627778,400,3628900
401,2022-08-08,0.017721265441257003,401,0.9458694311288359,401,3606300
402,2022-08-09,-0.012187887906521573,402,0.4803911913472489,402,1423000
403,2022-08-10,0.028409358070791067,403,0.2215216007009731,403,2814800
404,2022-08-11,0.010080136878104872,404,0.19202263558287014,404,2031900
405,2022-08-12,0.015222678188406068,405,0.27260340841099295,405,1696400
406,2022-08-15,-0.011689137162548853,406,0.7076638696465443,406,1283900
407,2022-08-16,0.0017621552658060537,407,0.5252735531664763,407,1644700
408,2022-08-17,-0.014780049511718279,408,0.48491383041329494,408,1678900
409,2022-08-18,0.002973492257638755,409,1.5412077166048368,409,1395100
410,2022-08-19,-0.03381961512358342,410,1.5499922343693615,410,2158000
411,2022-08-22,-0.026137208192018226,411,0.4082707642868542,411,2639800
412,2022-08-23,0.0,412,0.45687054885724504,412,2110600
413,2022-08-24,-0.007594966111773199,413,0.10417626061227316,413,1645600
414,2022-08-25,0.020126446816871833,414,0.4850277332299385,414,1692300
415,2022-08-26,-0.025860782653616705,415,1.2210690936280304,415,2104400
416,2022-08-29,0.019614701800724485,416,1.8310229019366047,416,2969900
417,2022-08-30,-0.0006267771392689822,417,0.0012935883453609207,417,2260800
418,2022-08-31,-0.006289292881774814,418,0.3510594722380674,418,2862600
419,2022-09-01,-0.028152884960630488,419,1.5055359372158146,419,3595000
420,2022-09-02,0.0071129048200046984,420,0.5413769972899575,420,2834200
421,2022-09-06,0.006422592834822314,421,0.7332697293768795,421,2779400
422,2022-09-07,0.005108563120568315,422,0.29450751629745064,422,1698700
423,2022-09-08,0.025779534869840418,423,0.52023215461876,423,2517000
424,2022-09-09,0.027549881631871807,424,2.3710813536092847,424,1682600
425,2022-09-12,0.019139322742934325,425,0.4833306258755185,425,2001700
426,2022-09-13,-0.0023724215749721367,426,1.0363070734158408,426,2686300
427,2022-09-14,-0.009546602648708631,427,0.3281462380044443,427,2292900
428,2022-09-15,0.008952588442992657,428,0.05599679917672994,428,1414700
429,2022-09-16,-0.02405405304602491,429,0.12023599364192752,429,1845700
430,2022-09-19,0.000608471489811347,430,0.5098236250910982,430,1658500
431,2022-09-20,-0.018416797087569776,431,0.6479911121895532,431,2321200
432,2022-09-21,-0.014981539791341333,432,0.7718236667215924,432,2524500
433,2022-09-22,-0.025479061309177806,433,0.18977975091974797,433,2170600
434,2022-09-23,-0.038807905382483514,434,0.2494986406982727,434,3227400
435,2022-09-26,-0.019641672048781172,435,0.44475580695905526,435,3564900
436,2022-09-27,-0.0006842442304902599,436,0.22492844849848506,436,3371200
437,2022-09-28,0.02834198373504919,437,0.36086616914442826,437,2618000
438,2022-09-29,-0.024243588642927014,438,1.0051261149317403,438,3249500
439,2022-09-30,-0.01096651468539624,439,0.39900034542636764,439,3180000
440,2022-10-03,0.019113191473295765,440,0.4126355339188096,440,2261900
441,2022-10-04,0.06415815585897884,441,0.3730258954576823,441,4147900
442,2022-10-05,-0.026993931117792417,442,1.4087947844865885,442,2278700
443,2022-10-06,-0.03919466420542819,443,0.34766517567110666,443,4587200
444,2022-10-07,-0.006798148629171332,444,0.30867085675751416,444,3154200
445,2022-10-10,-0.017200286627651603,445,0.7553800443424141,445,3233400
446,2022-10-11,-0.018207802292147954,446,0.18269652202527573,446,3524800
447,2022-10-12,-0.01137182481325375,447,0.8691169707168886,447,1917900
448,2022-10-13,0.04746182503856704,448,2.75231950804042,448,4240500
449,2022-10-14,-0.03397205473002283,449,0.788193813878073,449,6528700
450,2022-10-17,0.028503830367537477,450,1.9464930286173918,450,2681600
451,2022-10-18,0.024374914085427725,451,0.802223369704665,451,2446800
452,2022-10-19,-0.013468204292681689,452,0.4454699533320502,452,2167900
453,2022-10-20,-0.001356883388253912,453,0.07389379440177081,453,2620600
454,2022-10-21,0.013486432593964552,454,1.2588582744317067,454,2718900
455,2022-10-24,0.016606160079750448,455,1.8211547099126077,455,3616600
456,2022-10-25,0.07852131659939565,456,0.6286181555233328,456,3940500
457,2022-10-26,-0.015961065020056283,457,0.054763721048569795,457,3975300
458,2022-10-27,-0.013707396613322232,458,0.04926969778364429,458,2869600
459,2022-10-28,0.013088379010941644,459,0.0945451737310135,459,2649500
460,2022-10-31,-0.018119831488631135,460,1.2175451823934922,460,2250600
461,2022-11-01,0.005658622712937171,461,1.1816419165950534,461,1970300
462,2022-11-02,-0.014525013284929045,462,1.1513560427512508,462,2317200
463,2022-11-03,-0.001910263986897744,463,1.6666148000114258,463,2427600
464,2022-11-04,0.046085410622750546,464,0.8633466996213084,464,3712400
465,2022-11-07,0.005462845179018381,465,1.0551235138901869,465,2740300
466,2022-11-08,0.0006051575697882096,466,0.4941326544937639,466,1712800
467,2022-11-09,-0.006676844701599464,467,0.0012092712846601527,467,2211400
468,2022-11-10,0.06598393046989183,468,1.388235499741309,468,4309700
469,2022-11-11,0.05867756208770306,469,0.48204887617777137,469,4186800
470,2022-11-14,-0.017901205782882523,470,1.3161370599530902,470,2996700
471,2022-11-15,0.00871939279497648,471,1.080165299558484,471,3189700
472,2022-11-16,-0.005986445652456822,472,1.7546767143942406,472,1610000
473,2022-11-17,-0.002732947142519516,473,1.2433578890469001,473,2083700
474,2022-11-18,0.002186934073483323,474,1.0541162715795276,474,1255600
475,2022-11-21,0.0010917281704876788,475,0.1372369029839599,475,1908200
476,2022-11-22,0.001090537599751267,476,0.5010027373818935,476,1830200
477,2022-11-23,0.005976584190387397,477,0.333196437110481,477,1264400
478,2022-11-25,0.004863568445124377,478,0.005443192877572828,478,1195900
479,2022-11-28,-0.0267702295070895,479,1.480156254516041,479,1568500
480,2022-11-29,0.011013369283882376,480,1.2990829774830128,480,1362200
481,2022-11-30,0.009809359388932374,481,1.59324200307769,481,3324500
482,2022-12-01,0.0027077859299939563,482,0.8182861476391673,482,1958100
483,2022-12-02,-0.0016238535408436105,483,1.7143788713032695,483,1379400
484,2022-12-05,0.0010828619632687558,484,2.3337834636008363,484,2741000
485,2022-12-06,-0.01033452898383361,485,0.06951353026863998,485,2203500
486,2022-12-07,-0.0032859488788306705,486,1.4922889028439326,486,1665800
487,2022-12-08,-0.0021965416901247076,487,0.33365296919836884,487,1586300
488,2022-12-09,0.0027449502078515514,488,0.21923090993571254,488,1686400
489,2022-12-12,0.0010959156035857235,489,0.41962653825203305,489,2021500
490,2022-12-13,0.0270140680771783,490,0.5857244096433107,490,3502600
491,2022-12-14,-0.018289920809534215,491,0.03286800150697969,491,1776900
492,2022-12-15,-0.027519623164809777,492,0.12533493259131764,492,1898100
493,2022-12-16,-0.009531895882834242,493,0.28902246764641676,493,2505700
494,2022-12-19,0.006737860213167507,494,0.25966050960866677,494,2440500
495,2022-12-20,0.008913699164133058,495,0.6774643121573112,495,2115000
496,2022-12-21,0.02681417863656862,496,1.1472826933945397,496,2391500
497,2022-12-22,-0.007044248508382792,497,0.452706193090016,497,1633200
498,2022-12-23,0.01242931149362002,498,1.9545480929995067,498,1608000
499,2022-12-27,0.0010734595927312234,499,0.13366100556806848,499,1001400
500,2022-12-28,-0.005379166994359949,500,0.7944949363265766,500,1226200
501,2022-12-29,0.01392621973511456,501,1.9127774095608092,501,1217500
502,2022-12-30,-0.006938867613939692,502,2.0756997536935997,502,1592400
