,open,high,low,close,adjclose,volume,ticker
2021-01-04,14.4399995803833,14.456000328063965,14.170000076293945,14.289999961853027,12.897829055786133,4974100,UBS
2021-01-05,14.470000267028809,14.6899995803833,14.449999809265137,14.609999656677246,13.186652183532715,3584400,UBS
2021-01-06,14.9399995803833,15.25,14.880000114440918,15.100000381469727,13.628915786743164,5241300,UBS
2021-01-07,15.399999618530273,15.609999656677246,15.359999656677246,15.539999961853027,14.026049613952637,4618000,UBS
2021-01-08,15.390000343322754,15.399999618530273,15.140000343322754,15.289999961853027,13.800405502319336,2133900,UBS
2021-01-11,15.0,15.25,14.949999809265137,15.229999542236328,13.74625015258789,2451400,UBS
2021-01-12,15.229999542236328,15.369999885559082,15.17300033569336,15.359999656677246,13.863584518432617,4100300,UBS
2021-01-13,15.100000381469727,15.140000343322754,15.020000457763672,15.109999656677246,13.637941360473633,2796100,UBS
2021-01-14,15.180000305175781,15.3100004196167,15.164999961853027,15.239999771118164,13.75527572631836,2441800,UBS
2021-01-15,15.229999542236328,15.25,15.020000457763672,15.130000114440918,13.655993461608887,1786100,UBS
2021-01-19,14.960000038146973,14.979999542236328,14.84000015258789,14.899999618530273,13.448399543762207,3521100,UBS
2021-01-20,15.029999732971191,15.029999732971191,14.914999961853027,14.949999809265137,13.493528366088867,1547100,UBS
2021-01-21,15.050000190734863,15.069999694824219,14.880000114440918,14.930000305175781,13.475478172302246,2223600,UBS
2021-01-22,14.850000381469727,14.949999809265137,14.800000190734863,14.880000114440918,13.43034839630127,2942200,UBS
2021-01-25,14.739999771118164,14.765000343322754,14.395999908447266,14.529999732971191,13.114446640014648,5256700,UBS
2021-01-26,14.949999809265137,15.050000190734863,14.869999885559082,14.9399995803833,13.484503746032715,3954400,UBS
2021-01-27,14.779999732971191,14.795000076293945,14.550000190734863,14.5600004196167,13.141524314880371,5011100,UBS
2021-01-28,14.779999732971191,15.170000076293945,14.75,15.109999656677246,13.637941360473633,5087700,UBS
2021-01-29,14.569999694824219,14.630000114440918,14.324999809265137,14.390000343322754,12.988085746765137,4469300,UBS
2021-02-01,14.539999961853027,14.670000076293945,14.470000267028809,14.640000343322754,13.213730812072754,2134800,UBS
2021-02-02,14.739999771118164,14.847000122070312,14.710000038146973,14.84000015258789,13.394246101379395,2134900,UBS
2021-02-03,14.800000190734863,14.970000267028809,14.800000190734863,14.930000305175781,13.475478172302246,2018600,UBS
2021-02-04,14.829999923706055,15.020000457763672,14.829999923706055,14.970000267028809,13.511581420898438,2551700,UBS
2021-02-05,15.029999732971191,15.029999732971191,14.869999885559082,14.930000305175781,13.475478172302246,2800400,UBS
2021-02-08,15.09000015258789,15.489999771118164,15.079999923706055,15.34000015258789,13.84553337097168,7188100,UBS
2021-02-09,15.3100004196167,15.369999885559082,15.229999542236328,15.34000015258789,13.84553337097168,3140700,UBS
2021-02-10,15.510000228881836,15.529999732971191,15.3149995803833,15.430000305175781,13.926766395568848,3233900,UBS
2021-02-11,15.34000015258789,15.359999656677246,15.1899995803833,15.300000190734863,13.809431076049805,1709300,UBS
2021-02-12,15.289999961853027,15.420000076293945,15.279999732971191,15.399999618530273,13.899688720703125,1279500,UBS
2021-02-16,15.680000305175781,15.90999984741211,15.680000305175781,15.859999656677246,14.314873695373535,2377500,UBS
2021-02-17,15.680000305175781,15.694999694824219,15.484999656677246,15.619999885559082,14.09825611114502,2395200,UBS
2021-02-18,15.479999542236328,15.515000343322754,15.260000228881836,15.369999885559082,13.872611045837402,1759100,UBS
2021-02-19,15.569999694824219,15.630000114440918,15.5,15.520000457763672,14.0079984664917,1788500,UBS
2021-02-22,15.529999732971191,15.845000267028809,15.5,15.729999542236328,14.197538375854492,2060900,UBS
2021-02-23,15.600000381469727,15.6899995803833,15.399999618530273,15.609999656677246,14.08923053741455,2423900,UBS
2021-02-24,15.760000228881836,16.010000228881836,15.739999771118164,15.960000038146973,14.405133247375488,1917400,UBS
2021-02-25,16.09000015258789,16.200000762939453,15.75,15.800000190734863,14.260720252990723,3023700,UBS
2021-02-26,15.729999542236328,15.734999656677246,15.5,15.520000457763672,14.0079984664917,3099400,UBS
2021-03-01,15.710000038146973,15.859999656677246,15.710000038146973,15.8100004196167,14.269746780395508,2231700,UBS
2021-03-02,15.930000305175781,16.030000686645508,15.890000343322754,15.979999542236328,14.42318344116211,3143800,UBS
2021-03-03,15.710000038146973,15.970000267028809,15.6899995803833,15.789999961853027,14.251693725585938,4043900,UBS
2021-03-04,15.640000343322754,15.720000267028809,15.20199966430664,15.399999618530273,13.899688720703125,4839000,UBS
2021-03-05,15.630000114440918,15.670000076293945,15.345000267028809,15.630000114440918,14.107281684875488,3885800,UBS
2021-03-08,15.770000457763672,15.83899974822998,15.670000076293945,15.680000305175781,14.152410507202148,4143800,UBS
2021-03-09,15.550000190734863,15.720000267028809,15.430000305175781,15.59000015258789,14.071179389953613,5048200,UBS
2021-03-10,15.6899995803833,15.729999542236328,15.491000175476074,15.65999984741211,14.134358406066895,2277600,UBS
2021-03-11,15.399999618530273,15.494999885559082,15.329999923706055,15.430000305175781,13.926766395568848,3931900,UBS
2021-03-12,15.489999771118164,15.62600040435791,15.420000076293945,15.449999809265137,13.944817543029785,2526800,UBS
2021-03-15,15.369999885559082,15.414999961853027,15.180000305175781,15.399999618530273,13.899688720703125,2870400,UBS
2021-03-16,15.59000015258789,15.595000267028809,15.380000114440918,15.510000228881836,13.998971939086914,2278100,UBS
2021-03-17,15.510000228881836,15.765000343322754,15.479999542236328,15.75,14.21558952331543,2920300,UBS
2021-03-18,16.030000686645508,16.30500030517578,15.970000267028809,16.020000457763672,14.4592866897583,4567800,UBS
2021-03-19,15.899999618530273,16.049999237060547,15.75,16.030000686645508,14.468313217163086,4903000,UBS
2021-03-22,15.960000038146973,16.1299991607666,15.875,16.100000381469727,14.531494140625,4628000,UBS
2021-03-23,15.930000305175781,15.979999542236328,15.680000305175781,15.710000038146973,14.179487228393555,3362200,UBS
2021-03-24,15.75,15.979999542236328,15.744999885559082,15.779999732971191,14.242668151855469,2277200,UBS
2021-03-25,15.829999923706055,16.110000610351562,15.71500015258789,16.059999465942383,14.495388984680176,2977200,UBS
2021-03-26,16.079999923706055,16.190000534057617,15.984999656677246,16.040000915527344,14.477338790893555,3629000,UBS
2021-03-29,15.510000228881836,15.664999961853027,15.4350004196167,15.59000015258789,14.071179389953613,3544500,UBS
2021-03-30,15.529999732971191,15.640000343322754,15.510000228881836,15.600000381469727,14.080204010009766,2480600,UBS
2021-03-31,15.579999923706055,15.640000343322754,15.5,15.529999732971191,14.017023086547852,2795900,UBS
2021-04-01,15.729999542236328,15.895000457763672,15.6899995803833,15.850000381469727,14.305849075317383,3430600,UBS
2021-04-05,15.989999771118164,16.100000381469727,15.960000038146973,16.010000228881836,14.450260162353516,1741500,UBS
2021-04-06,16.110000610351562,16.239999771118164,16.094999313354492,16.229999542236328,14.648826599121094,3241500,UBS
2021-04-07,16.110000610351562,16.219999313354492,16.049999237060547,16.219999313354492,14.639801979064941,2583500,UBS
2021-04-08,16.040000915527344,16.229999542236328,15.960000038146973,16.190000534057617,14.612725257873535,1756600,UBS
2021-04-09,16.079999923706055,16.200000762939453,16.06999969482422,16.200000762939453,14.621750831604004,1298800,UBS
2021-04-12,16.09000015258789,16.200000762939453,16.059999465942383,16.170000076293945,14.594673156738281,2213300,UBS
2021-04-13,15.670000076293945,15.670000076293945,15.524999618530273,15.640000343322754,14.446879386901855,2138500,UBS
2021-04-14,15.699999809265137,15.90999984741211,15.680000305175781,15.789999961853027,14.58543586730957,1447600,UBS
2021-04-15,15.90999984741211,15.90999984741211,15.75,15.859999656677246,14.650094985961914,2417900,UBS
2021-04-16,15.960000038146973,16.15999984741211,15.9350004196167,16.110000610351562,14.881025314331055,2182400,UBS
2021-04-19,16.030000686645508,16.09000015258789,15.920000076293945,15.9399995803833,14.723993301391602,3051700,UBS
2021-04-20,15.789999961853027,15.789999961853027,15.475000381469727,15.569999694824219,14.382218360900879,2350800,UBS
2021-04-21,15.199999809265137,15.460000038146973,15.149999618530273,15.460000038146973,14.280610084533691,4031300,UBS
2021-04-22,15.239999771118164,15.300000190734863,15.109999656677246,15.1899995803833,14.031207084655762,4225200,UBS
2021-04-23,15.130000114440918,15.399999618530273,15.074999809265137,15.329999923706055,14.160527229309082,2317300,UBS
2021-04-26,15.40999984741211,15.524999618530273,15.364999771118164,15.380000114440918,14.206713676452637,3065600,UBS
2021-04-27,15.100000381469727,15.260000228881836,15.010000228881836,15.220000267028809,14.058918952941895,4106800,UBS
2021-04-28,15.380000114440918,15.550000190734863,15.345000267028809,15.550000190734863,14.363744735717773,2947300,UBS
2021-04-29,15.5600004196167,15.63599967956543,15.444999694824219,15.59000015258789,14.400693893432617,2537900,UBS
2021-04-30,15.470000267028809,15.475000381469727,15.239999771118164,15.289999961853027,14.123579025268555,2560800,UBS
2021-05-03,15.40999984741211,15.475000381469727,15.350000381469727,15.359999656677246,14.188238143920898,2381500,UBS
2021-05-04,15.149999618530273,15.260000228881836,14.90999984741211,15.0,13.855701446533203,2969500,UBS
2021-05-05,15.199999809265137,15.390000343322754,15.140000343322754,15.359999656677246,14.188238143920898,2835800,UBS
2021-05-06,15.5,15.670000076293945,15.380000114440918,15.65999984741211,14.465353012084961,3649200,UBS
2021-05-07,15.539999961853027,15.800000190734863,15.520000457763672,15.800000190734863,14.594673156738281,2934000,UBS
2021-05-10,15.529999732971191,15.640000343322754,15.414999961853027,15.430000305175781,14.252899169921875,3849700,UBS
2021-05-11,15.140000343322754,15.244999885559082,14.994999885559082,15.109999656677246,13.957310676574707,3675000,UBS
2021-05-12,15.199999809265137,15.279999732971191,14.9399995803833,14.960000038146973,13.818754196166992,2391200,UBS
2021-05-13,14.960000038146973,15.34000015258789,14.9399995803833,15.270000457763672,14.105106353759766,2219700,UBS
2021-05-14,15.380000114440918,15.520000457763672,15.369999885559082,15.489999771118164,14.308321952819824,1782800,UBS
2021-05-17,15.529999732971191,15.600000381469727,15.470000267028809,15.579999923706055,14.39145565032959,1901400,UBS
2021-05-18,15.649999618530273,15.699999809265137,15.529999732971191,15.529999732971191,14.345269203186035,1433000,UBS
2021-05-19,15.399999618530273,15.579999923706055,15.279999732971191,15.520000457763672,14.336033821105957,2948000,UBS
2021-05-20,15.670000076293945,15.795000076293945,15.569999694824219,15.75,14.548486709594727,2845500,UBS
2021-05-21,15.84000015258789,15.90999984741211,15.800000190734863,15.869999885559082,14.659333229064941,1888000,UBS
2021-05-24,15.899999618530273,16.010000228881836,15.829999923706055,15.979999542236328,14.760941505432129,1629300,UBS
2021-05-25,16.170000076293945,16.239999771118164,15.975000381469727,15.989999771118164,14.770177841186523,2366100,UBS
2021-05-26,15.789999961853027,15.954999923706055,15.720000267028809,15.930000305175781,14.71475601196289,2016700,UBS
2021-05-27,16.1200008392334,16.239999771118164,16.100000381469727,16.229999542236328,14.99186897277832,3139700,UBS
2021-05-28,16.360000610351562,16.420000076293945,16.274999618530273,16.3700008392334,15.121190071105957,2996200,UBS
2021-06-01,16.5,16.575000762939453,16.450000762939453,16.489999771118164,15.232033729553223,2525300,UBS
2021-06-02,16.43000030517578,16.459999084472656,16.350000381469727,16.43000030517578,15.176612854003906,1851400,UBS
2021-06-03,16.479999542236328,16.579999923706055,16.450000762939453,16.520000457763672,15.259746551513672,2041000,UBS
2021-06-04,16.450000762939453,16.479999542236328,16.350000381469727,16.469999313354492,15.213560104370117,1422900,UBS
2021-06-07,16.510000228881836,16.530000686645508,16.424999237060547,16.469999313354492,15.213560104370117,1332400,UBS
2021-06-08,16.389999389648438,16.525999069213867,16.329999923706055,16.450000762939453,15.195086479187012,2075000,UBS
2021-06-09,16.360000610351562,16.365999221801758,16.25,16.270000457763672,15.02881908416748,1572400,UBS
2021-06-10,16.329999923706055,16.3799991607666,16.170000076293945,16.18000030517578,14.945684432983398,1954500,UBS
2021-06-11,16.209999084472656,16.274999618530273,16.18000030517578,16.239999771118164,15.001106262207031,2041400,UBS
2021-06-14,16.239999771118164,16.31999969482422,16.200000762939453,16.260000228881836,15.01958179473877,1421700,UBS
2021-06-15,16.260000228881836,16.43000030517578,16.260000228881836,16.3700008392334,15.121190071105957,1625800,UBS
2021-06-16,16.25,16.280000686645508,16.110000610351562,16.18000030517578,14.945684432983398,1952500,UBS
2021-06-17,16.190000534057617,16.2450008392334,15.779999732971191,15.880000114440918,14.668570518493652,3036000,UBS
2021-06-18,15.579999923706055,15.680000305175781,15.484999656677246,15.520000457763672,14.336033821105957,2733700,UBS
2021-06-21,15.510000228881836,15.600000381469727,15.475000381469727,15.59000015258789,14.400693893432617,2038400,UBS
2021-06-22,15.430000305175781,15.479999542236328,15.364999771118164,15.420000076293945,14.243661880493164,2283300,UBS
2021-06-23,15.550000190734863,15.5649995803833,15.460000038146973,15.489999771118164,14.308321952819824,1878600,UBS
2021-06-24,15.59000015258789,15.710000038146973,15.529999732971191,15.65999984741211,14.465353012084961,2013600,UBS
2021-06-25,15.640000343322754,15.710000038146973,15.585000038146973,15.680000305175781,14.483827590942383,2016800,UBS
2021-06-28,15.640000343322754,15.640000343322754,15.470000267028809,15.550000190734863,14.363744735717773,1649700,UBS
2021-06-29,15.5600004196167,15.619999885559082,15.449999809265137,15.479999542236328,14.299084663391113,2066200,UBS
2021-06-30,15.25,15.369999885559082,15.229999542236328,15.34000015258789,14.16976547241211,2240900,UBS
2021-07-01,15.449999809265137,15.470000267028809,15.364999771118164,15.470000267028809,14.289848327636719,1955700,UBS
2021-07-02,15.449999809265137,15.460000038146973,15.324999809265137,15.40999984741211,14.234424591064453,1396300,UBS
2021-07-06,15.3100004196167,15.319999694824219,15.074999809265137,15.1899995803833,14.031207084655762,1936000,UBS
2021-07-07,15.09000015258789,15.154999732971191,14.979999542236328,15.079999923706055,13.929598808288574,1567000,UBS
2021-07-08,14.75,14.800000190734863,14.609999656677246,14.680000305175781,13.560113906860352,2777800,UBS
2021-07-09,14.920000076293945,15.020000457763672,14.84000015258789,14.979999542236328,13.837227821350098,2988800,UBS
2021-07-12,14.899999618530273,15.130000114440918,14.869999885559082,15.100000381469727,13.948074340820312,2860100,UBS
2021-07-13,15.119999885559082,15.15999984741211,14.979999542236328,15.050000190734863,13.901887893676758,2274000,UBS
2021-07-14,15.100000381469727,15.180000305175781,14.989999771118164,15.09000015258789,13.938836097717285,2574400,UBS
2021-07-15,14.989999771118164,15.140000343322754,14.949999809265137,15.029999732971191,13.883413314819336,1614900,UBS
2021-07-16,15.020000457763672,15.039999961853027,14.84000015258789,14.869999885559082,13.73561954498291,2192200,UBS
2021-07-19,14.59000015258789,14.670000076293945,14.420000076293945,14.539999961853027,13.430793762207031,3500900,UBS
2021-07-20,14.899999618530273,15.350000381469727,14.880000114440918,15.270000457763672,14.105106353759766,3973600,UBS
2021-07-21,15.59000015258789,15.890000343322754,15.569999694824219,15.800000190734863,14.594673156738281,2822900,UBS
2021-07-22,15.850000381469727,15.854999542236328,15.640000343322754,15.6899995803833,14.493063926696777,2506200,UBS
2021-07-23,15.920000076293945,15.960000038146973,15.8149995803833,15.930000305175781,14.71475601196289,2845600,UBS
2021-07-26,16.079999923706055,16.2450008392334,16.06999969482422,16.209999084472656,14.973394393920898,2500700,UBS
2021-07-27,16.1299991607666,16.270000457763672,16.059999465942383,16.209999084472656,14.973394393920898,2609700,UBS
2021-07-28,16.190000534057617,16.246000289916992,16.040000915527344,16.18000030517578,14.945684432983398,1784500,UBS
2021-07-29,16.510000228881836,16.56999969482422,16.440000534057617,16.520000457763672,15.259746551513672,1811900,UBS
2021-07-30,16.549999237060547,16.649999618530273,16.43000030517578,16.479999542236328,15.222798347473145,2049900,UBS
2021-08-02,16.65999984741211,16.799999237060547,16.530000686645508,16.540000915527344,15.27822208404541,2316400,UBS
2021-08-03,16.690000534057617,16.739999771118164,16.5,16.700000762939453,15.426015853881836,2075400,UBS
2021-08-04,16.639999389648438,16.700000762939453,16.579999923706055,16.600000381469727,15.333642959594727,1889300,UBS
2021-08-05,16.68000030517578,16.774999618530273,16.663999557495117,16.739999771118164,15.462964057922363,1882200,UBS
2021-08-06,16.829999923706055,16.90999984741211,16.809999465942383,16.889999389648438,15.601521492004395,1958200,UBS
2021-08-09,16.899999618530273,16.93000030517578,16.81100082397461,16.860000610351562,15.573809623718262,1650900,UBS
2021-08-10,16.84000015258789,16.954999923706055,16.815000534057617,16.93000030517578,15.638469696044922,1539200,UBS
2021-08-11,17.040000915527344,17.09000015258789,17.0,17.06999969482422,15.76778793334961,1465100,UBS
2021-08-12,17.049999237060547,17.100000381469727,16.961999893188477,17.059999465942383,15.758552551269531,1106300,UBS
2021-08-13,17.079999923706055,17.200000762939453,17.010000228881836,17.1200008392334,15.81397533416748,1649300,UBS
2021-08-16,16.989999771118164,17.075000762939453,16.885000228881836,17.06999969482422,15.76778793334961,1274400,UBS
2021-08-17,16.899999618530273,17.020000457763672,16.739999771118164,16.8700008392334,15.583047866821289,1788600,UBS
2021-08-18,16.829999923706055,16.975000381469727,16.770000457763672,16.780000686645508,15.499913215637207,1698200,UBS
2021-08-19,16.549999237060547,16.628999710083008,16.479999542236328,16.579999923706055,15.315169334411621,1917900,UBS
2021-08-20,16.540000915527344,16.65999984741211,16.520000457763672,16.6200008392334,15.352118492126465,1647500,UBS
2021-08-23,16.719999313354492,16.799999237060547,16.69499969482422,16.729999542236328,15.453725814819336,1561900,UBS
2021-08-24,16.729999542236328,16.8799991607666,16.729999542236328,16.829999923706055,15.546098709106445,1311800,UBS
2021-08-25,16.920000076293945,17.075000762939453,16.860000610351562,17.0,15.703130722045898,1623000,UBS
2021-08-26,16.8799991607666,16.924999237060547,16.700000762939453,16.729999542236328,15.453725814819336,1216400,UBS
2021-08-27,16.670000076293945,16.90999984741211,16.65999984741211,16.899999618530273,15.610756874084473,955800,UBS
2021-08-30,16.739999771118164,16.774999618530273,16.65999984741211,16.670000076293945,15.398303031921387,1304900,UBS
2021-08-31,16.729999542236328,16.735000610351562,16.6299991607666,16.65999984741211,15.389067649841309,1394200,UBS
2021-09-01,16.700000762939453,16.84000015258789,16.670000076293945,16.75,15.472200393676758,1511600,UBS
2021-09-02,16.729999542236328,16.81999969482422,16.663999557495117,16.739999771118164,15.462964057922363,1123800,UBS
2021-09-03,16.719999313354492,16.774999618530273,16.670000076293945,16.729999542236328,15.453725814819336,1206700,UBS
2021-09-07,16.799999237060547,16.902000427246094,16.709999084472656,16.719999313354492,15.444489479064941,1192700,UBS
2021-09-08,16.68000030517578,16.756000518798828,16.530000686645508,16.59000015258789,15.324407577514648,1577600,UBS
2021-09-09,16.510000228881836,16.665000915527344,16.489999771118164,16.510000228881836,15.250511169433594,1421300,UBS
2021-09-10,16.649999618530273,16.667999267578125,16.530000686645508,16.540000915527344,15.27822208404541,1365100,UBS
2021-09-13,16.68000030517578,16.790000915527344,16.6299991607666,16.729999542236328,15.453725814819336,1784000,UBS
2021-09-14,16.81999969482422,16.854999542236328,16.545000076293945,16.56999969482422,15.30593204498291,1546300,UBS
2021-09-15,16.68000030517578,16.760000228881836,16.635000228881836,16.709999084472656,15.435251235961914,1469400,UBS
2021-09-16,16.799999237060547,16.829999923706055,16.670000076293945,16.739999771118164,15.462964057922363,1770000,UBS
2021-09-17,16.670000076293945,16.709999084472656,16.3700008392334,16.389999389648438,15.139662742614746,1698600,UBS
2021-09-20,15.579999923706055,15.595000267028809,15.220000267028809,15.390000343322754,14.215950012207031,4181200,UBS
2021-09-21,15.40999984741211,15.470000267028809,15.255000114440918,15.270000457763672,14.105106353759766,2868900,UBS
2021-09-22,15.59000015258789,15.739999771118164,15.5600004196167,15.609999656677246,14.419167518615723,1788400,UBS
2021-09-23,15.75,15.90999984741211,15.725000381469727,15.789999961853027,14.58543586730957,2253400,UBS
2021-09-24,15.8100004196167,15.920000076293945,15.8100004196167,15.869999885559082,14.659333229064941,1987500,UBS
2021-09-27,16.030000686645508,16.190000534057617,16.030000686645508,16.139999389648438,14.908735275268555,1914600,UBS
2021-09-28,16.15999984741211,16.200000762939453,15.90999984741211,15.960000038146973,14.742466926574707,2490900,UBS
2021-09-29,16.100000381469727,16.187000274658203,16.027999877929688,16.139999389648438,14.908735275268555,2744400,UBS
2021-09-30,16.079999923706055,16.110000610351562,15.859999656677246,15.9399995803833,14.723993301391602,2708000,UBS
2021-10-01,15.869999885559082,16.0,15.743000030517578,15.930000305175781,14.71475601196289,2753300,UBS
2021-10-04,16.030000686645508,16.145000457763672,15.899999618530273,15.960000038146973,14.742466926574707,2259500,UBS
2021-10-05,15.989999771118164,16.239999771118164,15.9399995803833,16.170000076293945,14.936447143554688,2088400,UBS
2021-10-06,15.949999809265137,16.1299991607666,15.850000381469727,16.1200008392334,14.890262603759766,2242400,UBS
2021-10-07,16.43000030517578,16.594999313354492,16.43000030517578,16.440000534057617,15.185851097106934,1788100,UBS
2021-10-08,16.600000381469727,16.799999237060547,16.559999465942383,16.709999084472656,15.435251235961914,2163200,UBS
2021-10-11,16.8700008392334,16.950000762939453,16.65999984741211,16.65999984741211,15.389067649841309,1590100,UBS
2021-10-12,16.739999771118164,16.774999618530273,16.6200008392334,16.709999084472656,15.435251235961914,1725200,UBS
2021-10-13,16.729999542236328,16.780000686645508,16.540000915527344,16.75,15.472200393676758,1215000,UBS
2021-10-14,17.110000610351562,17.166000366210938,17.024999618530273,17.149999618530273,15.841684341430664,2479200,UBS
2021-10-15,17.25,17.350000381469727,17.149999618530273,17.280000686645508,15.961769104003906,2413000,UBS
2021-10-18,17.209999084472656,17.280000686645508,17.190000534057617,17.209999084472656,15.89710807800293,1355700,UBS
2021-10-19,17.260000228881836,17.325000762939453,17.229999542236328,17.280000686645508,15.961769104003906,1736600,UBS
2021-10-20,17.290000915527344,17.479999542236328,17.25,17.43000030517578,16.100326538085938,1741900,UBS
2021-10-21,17.34000015258789,17.420000076293945,17.309999465942383,17.420000076293945,16.091089248657227,1699200,UBS
2021-10-22,17.549999237060547,17.670000076293945,17.485000610351562,17.670000076293945,16.322017669677734,1614700,UBS
2021-10-25,17.670000076293945,17.829999923706055,17.610000610351562,17.770000457763672,16.41438865661621,2456200,UBS
2021-10-26,17.899999618530273,18.03499984741211,17.8700008392334,17.959999084472656,16.58989143371582,2995700,UBS
2021-10-27,18.040000915527344,18.200000762939453,17.979999542236328,18.040000915527344,16.66379165649414,2775000,UBS
2021-10-28,18.020000457763672,18.200000762939453,17.969999313354492,18.18000030517578,16.793109893798828,1811700,UBS
2021-10-29,18.209999084472656,18.299999237060547,18.09000015258789,18.149999618530273,16.765399932861328,1633600,UBS
2021-11-01,18.399999618530273,18.549999237060547,18.389999389648438,18.520000457763672,17.107173919677734,2259100,UBS
2021-11-02,18.459999084472656,18.614999771118164,18.420000076293945,18.56999969482422,17.15336036682129,1759700,UBS
2021-11-03,18.610000610351562,18.672000885009766,18.510000228881836,18.59000015258789,17.17183494567871,2091900,UBS
2021-11-04,18.450000762939453,18.454999923706055,18.125,18.219999313354492,16.830059051513672,2382100,UBS
2021-11-05,18.3799991607666,18.389999389648438,18.274999618530273,18.350000381469727,16.95014190673828,1862300,UBS
2021-11-08,18.299999237060547,18.40999984741211,18.280000686645508,18.290000915527344,16.89472198486328,1803800,UBS
2021-11-09,18.3700008392334,18.415000915527344,18.274999618530273,18.350000381469727,16.95014190673828,2355200,UBS
2021-11-10,18.270000457763672,18.309999465942383,18.079999923706055,18.09000015258789,16.709978103637695,1545600,UBS
2021-11-11,18.020000457763672,18.170000076293945,17.975000381469727,18.139999389648438,16.756162643432617,1842800,UBS
2021-11-12,18.0,18.170000076293945,17.985000610351562,18.100000381469727,16.719213485717773,1349400,UBS
2021-11-15,18.1299991607666,18.163000106811523,17.9950008392334,18.010000228881836,16.636079788208008,865300,UBS
2021-11-16,18.079999923706055,18.100000381469727,18.0,18.010000228881836,16.636079788208008,804900,UBS
2021-11-17,18.100000381469727,18.290000915527344,18.094999313354492,18.25,16.857770919799805,1444900,UBS
2021-11-18,18.049999237060547,18.079999923706055,17.93000030517578,17.969999313354492,16.599130630493164,1535600,UBS
2021-11-19,17.56999969482422,17.610000610351562,17.420000076293945,17.489999771118164,16.155750274658203,1662600,UBS
2021-11-22,17.510000228881836,17.700000762939453,17.459999084472656,17.469999313354492,16.137271881103516,1749800,UBS
2021-11-23,17.440000534057617,17.594999313354492,17.434999465942383,17.56999969482422,16.229646682739258,2103300,UBS
2021-11-24,17.520000457763672,17.735000610351562,17.520000457763672,17.670000076293945,16.322017669677734,1613800,UBS
2021-11-26,17.059999465942383,17.075000762939453,16.889999389648438,17.059999465942383,15.758552551269531,1317900,UBS
2021-11-29,17.139999389648438,17.229999542236328,17.0049991607666,17.149999618530273,15.841684341430664,1629700,UBS
2021-11-30,17.280000686645508,17.334999084472656,17.05500030517578,17.280000686645508,15.961769104003906,3503900,UBS
2021-12-01,17.56999969482422,17.6299991607666,17.18000030517578,17.190000534057617,15.878636360168457,2842500,UBS
2021-12-02,17.389999389648438,17.809999465942383,17.375,17.729999542236328,16.377439498901367,2574200,UBS
2021-12-03,17.75,17.75,17.415000915527344,17.510000228881836,16.174224853515625,1902900,UBS
2021-12-06,17.75,17.850000381469727,17.690000534057617,17.729999542236328,16.377439498901367,2730000,UBS
2021-12-07,17.959999084472656,18.1200008392334,17.93000030517578,18.020000457763672,16.64531898498535,1750600,UBS
2021-12-08,18.030000686645508,18.114999771118164,17.9950008392334,18.030000686645508,16.65455436706543,1543900,UBS
2021-12-09,17.920000076293945,17.959999084472656,17.854000091552734,17.920000076293945,16.55294418334961,1400200,UBS
2021-12-10,17.850000381469727,17.959999084472656,17.795000076293945,17.899999618530273,16.534469604492188,2218700,UBS
2021-12-13,18.030000686645508,18.049999237060547,17.770000457763672,17.770000457763672,16.41438865661621,2910100,UBS
2021-12-14,17.739999771118164,17.895000457763672,17.639999389648438,17.760000228881836,16.4051513671875,2196800,UBS
2021-12-15,17.6299991607666,17.635000228881836,17.44499969482422,17.59000015258789,16.24812126159668,2296000,UBS
2021-12-16,17.940000534057617,17.989999771118164,17.80500030517578,17.860000610351562,16.49752426147461,2064400,UBS
2021-12-17,17.700000762939453,17.700000762939453,17.389999389648438,17.40999984741211,16.081850051879883,2471800,UBS
2021-12-20,17.239999771118164,17.280000686645508,17.09000015258789,17.25,15.93405818939209,2575100,UBS
2021-12-21,17.450000762939453,17.540000915527344,17.405000686645508,17.459999084472656,16.128036499023438,1905300,UBS
2021-12-22,17.43000030517578,17.610000610351562,17.3799991607666,17.59000015258789,16.24812126159668,1606700,UBS
2021-12-23,17.719999313354492,17.885000228881836,17.690000534057617,17.81999969482422,16.460573196411133,1422100,UBS
2021-12-27,17.920000076293945,18.084999084472656,17.875,18.06999969482422,16.69150161743164,1052300,UBS
2021-12-28,18.040000915527344,18.145000457763672,18.030000686645508,18.110000610351562,16.728450775146484,1084300,UBS
2021-12-29,17.979999542236328,18.114999771118164,17.94499969482422,18.040000915527344,16.66379165649414,1325300,UBS
2021-12-30,18.040000915527344,18.079999923706055,17.920000076293945,17.920000076293945,16.55294418334961,1798500,UBS
2021-12-31,17.920000076293945,17.950000762939453,17.834999084472656,17.8700008392334,16.50676155090332,1089100,UBS
2022-01-03,17.979999542236328,18.165000915527344,17.969999313354492,18.1200008392334,16.737688064575195,1887200,UBS
2022-01-04,18.5,18.698999404907227,18.440000534057617,18.6200008392334,17.19954490661621,2363300,UBS
2022-01-05,18.65999984741211,18.739999771118164,18.34000015258789,18.389999389648438,16.987089157104492,2868200,UBS
2022-01-06,18.920000076293945,19.049999237060547,18.770000457763672,19.020000457763672,17.56903076171875,4109400,UBS
2022-01-07,19.299999237060547,19.389999389648438,19.229999542236328,19.350000381469727,17.873855590820312,3074600,UBS
2022-01-10,19.229999542236328,19.260000228881836,19.054000854492188,19.239999771118164,17.772245407104492,3539900,UBS
2022-01-11,19.25,19.389999389648438,19.174999237060547,19.360000610351562,17.883094787597656,2545300,UBS
2022-01-12,19.450000762939453,19.600000381469727,19.434999465942383,19.56999969482422,18.07707405090332,2275200,UBS
2022-01-13,19.709999084472656,19.78499984741211,19.545000076293945,19.56999969482422,18.07707405090332,2379100,UBS
2022-01-14,19.510000228881836,19.635000228881836,19.444000244140625,19.6200008392334,18.123258590698242,2186400,UBS
2022-01-18,19.510000228881836,19.53499984741211,19.15999984741211,19.389999389648438,17.910802841186523,5706900,UBS
2022-01-19,19.420000076293945,19.43000030517578,19.15999984741211,19.170000076293945,17.70758819580078,2711200,UBS
2022-01-20,19.209999084472656,19.3799991607666,19.1299991607666,19.15999984741211,17.698348999023438,6415700,UBS
2022-01-21,19.219999313354492,19.229999542236328,18.96500015258789,19.030000686645508,17.57826805114746,7836900,UBS
2022-01-24,18.350000381469727,18.5,18.014999389648438,18.469999313354492,17.060985565185547,11875800,UBS
2022-01-25,18.350000381469727,18.68000030517578,18.145000457763672,18.610000610351562,17.1903076171875,6053100,UBS
2022-01-26,18.979999542236328,19.020000457763672,18.6200008392334,18.799999237060547,17.365814208984375,6186500,UBS
2022-01-27,18.6299991607666,18.780000686645508,18.229999542236328,18.420000076293945,17.014802932739258,7977200,UBS
2022-01-28,18.1299991607666,18.440000534057617,18.05500030517578,18.43000030517578,17.02404022216797,9245700,UBS
2022-01-31,18.360000610351562,18.68000030517578,18.315000534057617,18.670000076293945,17.245729446411133,6229600,UBS
2022-02-01,19.770000457763672,20.399999618530273,19.739999771118164,20.399999618530273,18.8437557220459,9568100,UBS
2022-02-02,20.479999542236328,20.6299991607666,20.260000228881836,20.530000686645508,18.963838577270508,5507700,UBS
2022-02-03,20.600000381469727,20.684999465942383,20.34000015258789,20.3700008392334,18.816043853759766,4193000,UBS
2022-02-04,20.1299991607666,20.489999771118164,20.1200008392334,20.40999984741211,18.852991104125977,4220400,UBS
2022-02-07,20.5,20.700000762939453,20.375,20.610000610351562,19.037734985351562,3481500,UBS
2022-02-08,20.829999923706055,21.059999465942383,20.7450008392334,21.040000915527344,19.434932708740234,3933600,UBS
2022-02-09,21.389999389648438,21.450000762939453,21.260000228881836,21.299999237060547,19.67509651184082,3769700,UBS
2022-02-10,21.299999237060547,21.485000610351562,21.110000610351562,21.18000030517578,19.564250946044922,4029300,UBS
2022-02-11,21.0,21.280000686645508,20.579999923706055,20.709999084472656,19.13010597229004,7004900,UBS
2022-02-14,20.59000015258789,20.69499969482422,20.440000534057617,20.59000015258789,19.01926040649414,5958300,UBS
2022-02-15,20.639999389648438,20.799999237060547,20.56999969482422,20.719999313354492,19.139341354370117,3517300,UBS
2022-02-16,20.290000915527344,20.579999923706055,20.260000228881836,20.5,18.936126708984375,3857200,UBS
2022-02-17,20.309999465942383,20.399999618530273,20.114999771118164,20.190000534057617,18.649776458740234,3459000,UBS
2022-02-18,20.25,20.424999237060547,20.06399917602539,20.15999984741211,18.62206268310547,2920800,UBS
2022-02-22,19.489999771118164,19.75,19.229999542236328,19.450000762939453,17.96622657775879,5900900,UBS
2022-02-23,19.610000610351562,19.68000030517578,19.1200008392334,19.190000534057617,17.726062774658203,3599500,UBS
2022-02-24,17.459999084472656,17.959999084472656,17.3700008392334,17.950000762939453,16.580657958984375,12574900,UBS
2022-02-25,18.68000030517578,18.924999237060547,18.649999618530273,18.850000381469727,17.41200065612793,6322500,UBS
2022-02-28,18.139999389648438,18.43000030517578,17.989999771118164,18.139999389648438,16.756162643432617,7206700,UBS
2022-03-01,17.920000076293945,17.940000534057617,17.145000457763672,17.3799991607666,16.054140090942383,9217500,UBS
2022-03-02,17.43000030517578,17.6200008392334,17.364999771118164,17.510000228881836,16.174224853515625,6084300,UBS
2022-03-03,17.5,17.520000457763672,16.940000534057617,17.030000686645508,15.730841636657715,8141200,UBS
2022-03-04,16.15999984741211,16.18000030517578,15.710000038146973,15.890000343322754,14.677806854248047,9454000,UBS
2022-03-07,15.59000015258789,15.720000267028809,15.039999961853027,15.119999885559082,13.966547966003418,12411000,UBS
2022-03-08,16.110000610351562,16.645000457763672,15.795000076293945,16.170000076293945,14.936447143554688,16882900,UBS
2022-03-09,16.969999313354492,17.145000457763672,16.84000015258789,16.899999618530273,15.610756874084473,11455600,UBS
2022-03-10,16.700000762939453,16.889999389648438,16.540000915527344,16.639999389648438,15.370591163635254,9364100,UBS
2022-03-11,17.06999969482422,17.139999389648438,16.600000381469727,16.610000610351562,15.34288215637207,7860900,UBS
2022-03-14,17.25,17.350000381469727,16.84000015258789,17.0,15.703130722045898,9394000,UBS
2022-03-15,17.100000381469727,17.170000076293945,16.850000381469727,17.110000610351562,15.80473804473877,6389900,UBS
2022-03-16,17.65999984741211,18.149999618530273,17.600000381469727,18.079999923706055,16.700740814208984,7328600,UBS
2022-03-17,18.030000686645508,18.350000381469727,17.94499969482422,18.31999969482422,16.92243003845215,6168000,UBS
2022-03-18,18.239999771118164,18.635000228881836,18.18000030517578,18.610000610351562,17.1903076171875,5366200,UBS
2022-03-21,18.770000457763672,18.81999969482422,18.6200008392334,18.75,17.319625854492188,6099300,UBS
2022-03-22,19.1200008392334,19.295000076293945,19.09000015258789,19.200000762939453,17.735300064086914,4647800,UBS
2022-03-23,18.93000030517578,19.094999313354492,18.850000381469727,18.90999984741211,17.467422485351562,4024100,UBS
2022-03-24,19.030000686645508,19.1200008392334,18.940000534057617,19.100000381469727,17.642927169799805,2722700,UBS
2022-03-25,19.149999618530273,19.350000381469727,19.1200008392334,19.34000015258789,17.864620208740234,3241500,UBS
2022-03-28,19.3700008392334,19.389999389648438,18.952999114990234,19.200000762939453,17.735300064086914,3579600,UBS
2022-03-29,19.65999984741211,19.797000885009766,19.459999084472656,19.670000076293945,18.169443130493164,3280700,UBS
2022-03-30,19.670000076293945,19.674999237060547,19.354999542236328,19.459999084472656,17.9754638671875,2743800,UBS
2022-03-31,19.84000015258789,19.8799991607666,19.540000915527344,19.540000915527344,18.049362182617188,4392300,UBS
2022-04-01,19.709999084472656,19.760000228881836,19.451000213623047,19.690000534057617,18.187917709350586,3454500,UBS
2022-04-04,19.809999465942383,19.969999313354492,19.75,19.959999084472656,18.437320709228516,3916400,UBS
2022-04-05,19.270000457763672,19.270000457763672,18.889999389648438,18.940000534057617,17.495134353637695,4486500,UBS
2022-04-06,18.440000534057617,18.670000076293945,18.360000610351562,18.59000015258789,17.17183494567871,4693500,UBS
2022-04-07,18.530000686645508,18.670000076293945,18.239999771118164,18.59000015258789,17.17183494567871,4257800,UBS
2022-04-08,18.3799991607666,18.71500015258789,18.3799991607666,18.530000686645508,17.116411209106445,3022900,UBS
2022-04-11,18.6200008392334,18.770000457763672,18.389999389648438,18.399999618530273,16.996328353881836,3518200,UBS
2022-04-12,18.100000381469727,18.18000030517578,17.75,17.81999969482422,16.920368194580078,2991900,UBS
2022-04-13,17.709999084472656,17.8799991607666,17.670000076293945,17.860000610351562,16.958349227905273,3411400,UBS
2022-04-14,17.760000228881836,17.809999465942383,17.59000015258789,17.610000610351562,16.72096824645996,4189700,UBS
2022-04-18,17.520000457763672,17.71500015258789,17.454999923706055,17.610000610351562,16.72096824645996,2428800,UBS
2022-04-19,17.760000228881836,17.889999389648438,17.709999084472656,17.8700008392334,16.967844009399414,3060000,UBS
2022-04-20,18.049999237060547,18.135000228881836,17.825000762939453,17.90999984741211,17.00582504272461,2726100,UBS
2022-04-21,18.06999969482422,18.100000381469727,17.44499969482422,17.489999771118164,16.607027053833008,3053200,UBS
2022-04-22,17.59000015258789,17.610000610351562,17.209999084472656,17.280000686645508,16.407629013061523,4940700,UBS
2022-04-25,17.239999771118164,17.40999984741211,16.860000610351562,17.34000015258789,16.464599609375,5558500,UBS
2022-04-26,17.350000381469727,17.489999771118164,16.825000762939453,16.84000015258789,15.989842414855957,4719000,UBS
2022-04-27,17.059999465942383,17.360000610351562,17.030000686645508,17.260000228881836,16.388639450073242,4790200,UBS
2022-04-28,17.190000534057617,17.350000381469727,16.90999984741211,17.280000686645508,16.407629013061523,3738300,UBS
2022-04-29,17.280000686645508,17.440000534057617,16.81999969482422,16.84000015258789,15.989842414855957,4146000,UBS
2022-05-02,16.790000915527344,16.899999618530273,16.565000534057617,16.889999389648438,16.037317276000977,3321800,UBS
2022-05-03,17.290000915527344,17.415000915527344,17.21500015258789,17.34000015258789,16.464599609375,3525100,UBS
2022-05-04,17.280000686645508,17.8700008392334,17.19499969482422,17.8700008392334,16.967844009399414,5851600,UBS
2022-05-05,17.600000381469727,17.645000457763672,16.959999084472656,17.190000534057617,16.322172164916992,5263600,UBS
2022-05-06,17.1200008392334,17.290000915527344,16.950000762939453,17.139999389648438,16.274696350097656,4991700,UBS
2022-05-09,16.899999618530273,16.920000076293945,16.3799991607666,16.459999084472656,15.629024505615234,6572400,UBS
2022-05-10,17.030000686645508,17.059999465942383,16.594999313354492,16.899999618530273,16.046812057495117,4930300,UBS
2022-05-11,16.899999618530273,17.219999313354492,16.65999984741211,16.670000076293945,15.828425407409668,4309400,UBS
2022-05-12,16.6299991607666,16.924999237060547,16.42300033569336,16.700000762939453,15.856911659240723,4907000,UBS
2022-05-13,17.09000015258789,17.389999389648438,17.059999465942383,17.309999465942383,16.436113357543945,3798100,UBS
2022-05-16,17.190000534057617,17.235000610351562,16.94499969482422,17.1200008392334,16.255706787109375,4081500,UBS
2022-05-17,17.530000686645508,17.642000198364258,17.459999084472656,17.579999923706055,16.692481994628906,2702500,UBS
2022-05-18,17.420000076293945,17.559999465942383,17.25,17.34000015258789,16.464599609375,2929600,UBS
2022-05-19,17.420000076293945,17.790000915527344,17.399999618530273,17.690000534057617,16.79693031311035,4195700,UBS
2022-05-20,17.8799991607666,17.90999984741211,17.40999984741211,17.81999969482422,16.920368194580078,3427900,UBS
2022-05-23,18.209999084472656,18.530000686645508,18.190000534057617,18.43000030517578,17.499570846557617,2872400,UBS
2022-05-24,18.610000610351562,18.84000015258789,18.459999084472656,18.780000686645508,17.83190155029297,3722500,UBS
2022-05-25,18.40999984741211,18.666000366210938,18.354999542236328,18.540000915527344,17.604019165039062,3209400,UBS
2022-05-26,18.639999389648438,19.0,18.639999389648438,18.90999984741211,17.955339431762695,2440500,UBS
2022-05-27,18.729999542236328,18.988000869750977,18.704999923706055,18.969999313354492,18.012310028076172,4940700,UBS
2022-05-31,18.850000381469727,18.969999313354492,18.799999237060547,18.8700008392334,17.917360305786133,3200700,UBS
2022-06-01,18.8700008392334,18.899999618530273,18.6200008392334,18.760000228881836,17.812911987304688,6122400,UBS
2022-06-02,18.920000076293945,19.110000610351562,18.75,19.09000015258789,18.126253128051758,2980300,UBS
2022-06-03,18.959999084472656,18.989999771118164,18.709999084472656,18.790000915527344,17.841398239135742,1880000,UBS
2022-06-06,18.989999771118164,19.204999923706055,18.905000686645508,18.940000534057617,17.98382568359375,2048200,UBS
2022-06-07,18.68000030517578,18.875,18.625,18.860000610351562,17.90786361694336,2533500,UBS
2022-06-08,18.079999923706055,18.290000915527344,17.8700008392334,17.889999389648438,16.986833572387695,5776900,UBS
2022-06-09,17.8799991607666,17.899999618530273,17.309999465942383,17.309999465942383,16.436113357543945,4686600,UBS
2022-06-10,16.950000762939453,16.979999542236328,16.719999313354492,16.860000610351562,16.008832931518555,5169000,UBS
2022-06-13,16.229999542236328,16.329999923706055,15.989999771118164,16.049999237060547,15.239724159240723,6944000,UBS
2022-06-14,16.15999984741211,16.270000457763672,15.84000015258789,15.960000038146973,15.154268264770508,5553000,UBS
2022-06-15,16.290000915527344,16.424999237060547,15.96500015258789,16.239999771118164,15.42013168334961,7107200,UBS
2022-06-16,15.850000381469727,15.899999618530273,15.520000457763672,15.579999923706055,14.793452262878418,7758500,UBS
2022-06-17,15.789999961853027,15.895000457763672,15.510000228881836,15.710000038146973,14.916889190673828,4113500,UBS
2022-06-21,16.030000686645508,16.100000381469727,15.875,15.920000076293945,15.116288185119629,3195700,UBS
2022-06-22,15.90999984741211,16.2549991607666,15.880000114440918,16.110000610351562,15.296695709228516,3203100,UBS
2022-06-23,16.0,16.010000228881836,15.520000457763672,15.779999732971191,14.983355522155762,2764300,UBS
2022-06-24,16.520000457763672,16.860000610351562,16.469999313354492,16.81999969482422,15.97085189819336,4532500,UBS
2022-06-27,16.889999389648438,16.940000534057617,16.665000915527344,16.829999923706055,15.980347633361816,2834700,UBS
2022-06-28,16.8799991607666,16.9950008392334,16.524999618530273,16.549999237060547,15.71448040008545,2236600,UBS
2022-06-29,16.559999465942383,16.559999465942383,16.34000015258789,16.3700008392334,15.543570518493652,2138100,UBS
2022-06-30,15.979999542236328,16.299999237060547,15.850000381469727,16.219999313354492,15.401141166687012,3600900,UBS
2022-07-01,15.90999984741211,16.139999389648438,15.765000343322754,16.1299991607666,15.315685272216797,3613800,UBS
2022-07-05,15.430000305175781,15.760000228881836,15.279999732971191,15.75,14.954870223999023,3689600,UBS
2022-07-06,15.369999885559082,15.619000434875488,15.34000015258789,15.529999732971191,14.745976448059082,4849800,UBS
2022-07-07,15.670000076293945,15.819999694824219,15.65999984741211,15.75,14.954870223999023,3014400,UBS
2022-07-08,15.989999771118164,16.024999618530273,15.779999732971191,15.949999809265137,15.144773483276367,3173900,UBS
2022-07-11,15.800000190734863,15.864999771118164,15.680000305175781,15.720000267028809,14.926384925842285,2735200,UBS
2022-07-12,15.6899995803833,16.15999984741211,15.65999984741211,15.920000076293945,15.116288185119629,2654100,UBS
2022-07-13,15.720000267028809,15.779999732971191,15.425000190734863,15.699999809265137,14.907393455505371,2616600,UBS
2022-07-14,15.25,15.3149995803833,15.079999923706055,15.25,14.480112075805664,3257100,UBS
2022-07-15,15.380000114440918,15.729999542236328,15.3100004196167,15.699999809265137,14.907393455505371,2862500,UBS
2022-07-18,16.110000610351562,16.21500015258789,15.829999923706055,15.899999618530273,15.097296714782715,4218600,UBS
2022-07-19,16.219999313354492,16.459999084472656,16.149999618530273,16.399999618530273,15.572054862976074,2982500,UBS
2022-07-20,16.25,16.364999771118164,16.110000610351562,16.190000534057617,15.37265682220459,2688300,UBS
2022-07-21,16.350000381469727,16.665000915527344,16.31999969482422,16.649999618530273,15.80943489074707,2263200,UBS
2022-07-22,16.639999389648438,16.68000030517578,16.3700008392334,16.520000457763672,15.685997009277344,1754300,UBS
2022-07-25,16.719999313354492,16.875,16.639999389648438,16.780000686645508,15.932872772216797,2560100,UBS
2022-07-26,15.449999809265137,15.460000038146973,14.779999732971191,14.890000343322754,14.138286590576172,9509400,UBS
2022-07-27,15.210000038146973,15.359999656677246,15.0600004196167,15.329999923706055,14.556073188781738,3545500,UBS
2022-07-28,15.579999923706055,15.880000114440918,15.479999542236328,15.829999923706055,15.030831336975098,4214900,UBS
2022-07-29,16.010000228881836,16.325000762939453,15.949999809265137,16.239999771118164,15.42013168334961,3205200,UBS
2022-08-01,16.149999618530273,16.239999771118164,15.986000061035156,16.139999389648438,15.325180053710938,2467200,UBS
2022-08-02,16.110000610351562,16.170000076293945,15.930000305175781,15.930000305175781,15.12578296661377,2346200,UBS
2022-08-03,16.040000915527344,16.170000076293945,15.970000267028809,16.100000381469727,15.287200927734375,2152300,UBS
2022-08-04,16.399999618530273,16.540000915527344,16.3799991607666,16.479999542236328,15.648015022277832,2564500,UBS
2022-08-05,16.190000534057617,16.3799991607666,16.09000015258789,16.219999313354492,15.401141166687012,3628900,UBS
2022-08-08,16.520000457763672,16.655000686645508,16.469999313354492,16.510000228881836,15.676501274108887,3606300,UBS
2022-08-09,16.440000534057617,16.459999084472656,16.22800064086914,16.309999465942383,15.48659896850586,1423000,UBS
2022-08-10,16.59000015258789,16.844999313354492,16.579999923706055,16.780000686645508,15.932872772216797,2814800,UBS
2022-08-11,16.989999771118164,17.1299991607666,16.885000228881836,16.950000762939453,16.094289779663086,2031900,UBS
2022-08-12,17.06999969482422,17.209999084472656,16.9950008392334,17.209999084472656,16.341161727905273,1696400,UBS
2022-08-15,16.969999313354492,17.045000076293945,16.895000457763672,17.010000228881836,16.151260375976562,1283900,UBS
2022-08-16,16.899999618530273,17.075000762939453,16.8799991607666,17.040000915527344,16.179746627807617,1644700,UBS
2022-08-17,16.700000762939453,16.8700008392334,16.625,16.790000915527344,15.942367553710938,1678900,UBS
2022-08-18,16.84000015258789,16.885000228881836,16.770000457763672,16.84000015258789,15.989842414855957,1395100,UBS
2022-08-19,16.43000030517578,16.454999923706055,16.21500015258789,16.280000686645508,15.458113670349121,2158000,UBS
2022-08-22,15.920000076293945,15.949999809265137,15.760000228881836,15.859999656677246,15.059316635131836,2639800,UBS
2022-08-23,15.869999885559082,16.065000534057617,15.824999809265137,15.859999656677246,15.059316635131836,2110600,UBS
2022-08-24,15.699999809265137,15.859999656677246,15.635000228881836,15.739999771118164,14.945375442504883,1645600,UBS
2022-08-25,15.800000190734863,16.079999923706055,15.789999961853027,16.059999465942383,15.249218940734863,1692300,UBS
2022-08-26,16.149999618530273,16.18000030517578,15.649999618530273,15.649999618530273,14.859917640686035,2104400,UBS
2022-08-29,15.9399995803833,16.05500030517578,15.84000015258789,15.960000038146973,15.154268264770508,2969900,UBS
2022-08-30,16.1200008392334,16.139999389648438,15.923999786376953,15.949999809265137,15.144773483276367,2260800,UBS
2022-08-31,15.949999809265137,16.010000228881836,15.829999923706055,15.850000381469727,15.049821853637695,2862600,UBS
2022-09-01,15.529999732971191,15.529999732971191,15.164999961853027,15.40999984741211,14.632034301757812,3595000,UBS
2022-09-02,15.6899995803833,15.975000381469727,15.484999656677246,15.520000457763672,14.736481666564941,2834200,UBS
2022-09-06,15.850000381469727,15.890000343322754,15.550000190734863,15.619999885559082,14.831432342529297,2779400,UBS
2022-09-07,15.390000343322754,15.760000228881836,15.369999885559082,15.699999809265137,14.907393455505371,1698700,UBS
2022-09-08,15.640000343322754,16.114999771118164,15.600000381469727,16.110000610351562,15.296695709228516,2517000,UBS
2022-09-09,16.530000686645508,16.6299991607666,16.46500015258789,16.559999465942383,15.723976135253906,1682600,UBS
2022-09-12,16.860000610351562,17.049999237060547,16.834999084472656,16.8799991607666,16.027822494506836,2001700,UBS
2022-09-13,16.850000381469727,17.149999618530273,16.790000915527344,16.84000015258789,15.989842414855957,2686300,UBS
2022-09-14,16.600000381469727,16.809999465942383,16.510000228881836,16.68000030517578,15.837920188903809,2292900,UBS
2022-09-15,16.709999084472656,16.9950008392334,16.700000762939453,16.829999923706055,15.980347633361816,1414700,UBS
2022-09-16,16.549999237060547,16.55500030517578,16.25,16.43000030517578,15.600540161132812,1845700,UBS
2022-09-19,16.079999923706055,16.459999084472656,16.06999969482422,16.440000534057617,15.61003589630127,1658500,UBS
2022-09-20,16.25,16.264999389648438,15.984999656677246,16.139999389648438,15.325180053710938,2321200,UBS
2022-09-21,16.110000610351562,16.290000915527344,15.880000114440918,15.899999618530273,15.097296714782715,2524500,UBS
2022-09-22,15.899999618530273,15.920000076293945,15.479999542236328,15.5,14.717491149902344,2170600,UBS
2022-09-23,15.1899995803833,15.199999809265137,14.725000381469727,14.90999984741211,14.15727710723877,3227400,UBS
2022-09-26,14.729999542236328,14.9350004196167,14.5600004196167,14.619999885559082,13.881917953491211,3564900,UBS
2022-09-27,14.800000190734863,14.899999618530273,14.482000350952148,14.609999656677246,13.872422218322754,3371200,UBS
2022-09-28,14.600000381469727,15.074999809265137,14.569999694824219,15.029999732971191,14.271218299865723,2618000,UBS
2022-09-29,14.619999885559082,14.694999694824219,14.394000053405762,14.670000076293945,13.929393768310547,3249500,UBS
2022-09-30,14.619999885559082,14.835000038146973,14.46500015258789,14.510000228881836,13.777470588684082,3180000,UBS
2022-10-03,14.630000114440918,14.890000343322754,14.4350004196167,14.789999961853027,14.0433349609375,2261900,UBS
2022-10-04,15.229999542236328,15.805000305175781,15.225000381469727,15.770000457763672,14.973860740661621,4147900,UBS
2022-10-05,15.380000114440918,15.4350004196167,15.149999618530273,15.350000381469727,14.575064659118652,2278700,UBS
2022-10-06,14.869999885559082,15.050000190734863,14.720000267028809,14.760000228881836,14.014849662780762,4587200,UBS
2022-10-07,14.829999923706055,14.875,14.595000267028809,14.65999984741211,13.91989803314209,3154200,UBS
2022-10-10,14.699999809265137,14.729999542236328,14.32800006866455,14.40999984741211,13.68251895904541,3233400,UBS
2022-10-11,14.359999656677246,14.4350004196167,14.074999809265137,14.149999618530273,13.43564510345459,3524800,UBS
2022-10-12,14.0,14.140000343322754,13.90999984741211,13.989999771118164,13.283721923828125,1917900,UBS
2022-10-13,13.880000114440918,14.739999771118164,13.800000190734863,14.670000076293945,13.929393768310547,4240500,UBS
2022-10-14,14.720000267028809,14.8100004196167,14.164999961853027,14.180000305175781,13.464131355285645,6528700,UBS
2022-10-17,14.609999656677246,14.819999694824219,14.569999694824219,14.59000015258789,13.853432655334473,2681600,UBS
2022-10-18,15.130000114440918,15.180000305175781,14.800000190734863,14.949999809265137,14.195257186889648,2446800,UBS
2022-10-19,14.850000381469727,14.930000305175781,14.630000114440918,14.75,14.005354881286621,2167900,UBS
2022-10-20,14.770000457763672,14.970000267028809,14.680000305175781,14.729999542236328,13.986364364624023,2620600,UBS
2022-10-21,14.4399995803833,14.9399995803833,14.404999732971191,14.930000305175781,14.176267623901367,2718900,UBS
2022-10-24,15.09000015258789,15.279999732971191,15.055000305175781,15.180000305175781,14.413646697998047,3616600,UBS
2022-10-25,16.100000381469727,16.43000030517578,16.100000381469727,16.420000076293945,15.591044425964355,3940500,UBS
2022-10-26,16.200000762939453,16.3700008392334,16.049999237060547,16.15999984741211,15.344170570373535,3975300,UBS
2022-10-27,16.170000076293945,16.25,15.9399995803833,15.9399995803833,15.13527774810791,2869600,UBS
2022-10-28,16.0,16.204999923706055,15.90999984741211,16.149999618530273,15.334675788879395,2649500,UBS
2022-10-31,15.899999618530273,15.989999771118164,15.829999923706055,15.859999656677246,15.059316635131836,2250600,UBS
2022-11-01,16.15999984741211,16.209999084472656,15.920000076293945,15.949999809265137,15.144773483276367,1970300,UBS
2022-11-02,15.920000076293945,16.229999542236328,15.720000267028809,15.720000267028809,14.926384925842285,2317200,UBS
2022-11-03,15.600000381469727,15.800000190734863,15.579999923706055,15.6899995803833,14.89789867401123,2427600,UBS
2022-11-04,16.079999923706055,16.43000030517578,16.079999923706055,16.43000030517578,15.600540161132812,3712400,UBS
2022-11-07,16.399999618530273,16.559999465942383,16.350000381469727,16.520000457763672,15.685997009277344,2740300,UBS
2022-11-08,16.540000915527344,16.670000076293945,16.399999618530273,16.530000686645508,15.695491790771484,1712800,UBS
2022-11-09,16.489999771118164,16.68000030517578,16.40999984741211,16.420000076293945,15.591044425964355,2211400,UBS
2022-11-10,17.100000381469727,17.559999465942383,17.0,17.540000915527344,16.654502868652344,4309700,UBS
2022-11-11,18.270000457763672,18.68000030517578,18.209999084472656,18.600000381469727,17.66098976135254,4186800,UBS
2022-11-14,18.3700008392334,18.479000091552734,18.235000610351562,18.270000457763672,17.3476505279541,2996700,UBS
2022-11-15,18.649999618530273,18.709999084472656,18.290000915527344,18.43000030517578,17.499570846557617,3189700,UBS
2022-11-16,18.389999389648438,18.420000076293945,18.2450008392334,18.31999969482422,17.395124435424805,1610000,UBS
2022-11-17,17.979999542236328,18.280000686645508,17.959999084472656,18.270000457763672,17.3476505279541,2083700,UBS
2022-11-18,18.350000381469727,18.43000030517578,18.238000869750977,18.309999465942383,17.385629653930664,1255600,UBS
2022-11-21,18.239999771118164,18.3799991607666,18.174999237060547,18.329999923706055,17.404619216918945,1908200,UBS
2022-11-22,18.31999969482422,18.395000457763672,18.235000610351562,18.350000381469727,17.42361068725586,1830200,UBS
2022-11-23,18.34000015258789,18.510000228881836,18.31999969482422,18.459999084472656,17.52805519104004,1264400,UBS
2022-11-25,18.420000076293945,18.559999465942383,18.3700008392334,18.549999237060547,17.61351203918457,1195900,UBS
2022-11-28,18.3799991607666,18.440000534057617,18.049999237060547,18.059999465942383,17.148250579833984,1568500,UBS
2022-11-29,18.170000076293945,18.334999084472656,18.1299991607666,18.260000228881836,17.338153839111328,1362200,UBS
2022-11-30,18.299999237060547,18.450000762939453,18.0,18.440000534057617,17.50906753540039,3324500,UBS
2022-12-01,18.6299991607666,18.704999923706055,18.399999618530273,18.489999771118164,17.556541442871094,1958100,UBS
2022-12-02,18.3799991607666,18.5,18.3700008392334,18.459999084472656,17.52805519104004,1379400,UBS
2022-12-05,18.770000457763672,18.860000610351562,18.440000534057617,18.479999542236328,17.547046661376953,2741000,UBS
2022-12-06,18.540000915527344,18.59000015258789,18.190000534057617,18.290000915527344,17.366640090942383,2203500,UBS
2022-12-07,18.229999542236328,18.350000381469727,18.15999984741211,18.229999542236328,17.309667587280273,1665800,UBS
2022-12-08,18.149999618530273,18.239999771118164,18.079999923706055,18.190000534057617,17.27168846130371,1586300,UBS
2022-12-09,18.219999313354492,18.399999618530273,18.219999313354492,18.239999771118164,17.319164276123047,1686400,UBS
2022-12-12,18.1299991607666,18.260000228881836,18.040000915527344,18.260000228881836,17.338153839111328,2021500,UBS
2022-12-13,18.899999618530273,18.94499969482422,18.639999389648438,18.760000228881836,17.812911987304688,3502600,UBS
2022-12-14,18.530000686645508,18.625,18.329999923706055,18.420000076293945,17.490076065063477,1776900,UBS
2022-12-15,18.110000610351562,18.139999389648438,17.8700008392334,17.920000076293945,17.01531982421875,1898100,UBS
2022-12-16,17.780000686645508,17.834999084472656,17.604999542236328,17.75,16.85390281677246,2505700,UBS
2022-12-19,17.959999084472656,18.065000534057617,17.799999237060547,17.8700008392334,16.967844009399414,2440500,UBS
2022-12-20,17.920000076293945,18.110000610351562,17.920000076293945,18.030000686645508,17.119766235351562,2115000,UBS
2022-12-21,18.3799991607666,18.704999923706055,18.360000610351562,18.520000457763672,17.58502769470215,2391500,UBS
2022-12-22,18.559999465942383,18.600000381469727,18.17099952697754,18.389999389648438,17.461589813232422,1633200,UBS
2022-12-23,18.520000457763672,18.665000915527344,18.5,18.6200008392334,17.67997932434082,1608000,UBS
2022-12-27,18.6299991607666,18.739999771118164,18.584999084472656,18.639999389648438,17.6989688873291,1001400,UBS
2022-12-28,18.709999084472656,18.770000457763672,18.540000915527344,18.540000915527344,17.604019165039062,1226200,UBS
2022-12-29,18.780000686645508,18.829999923706055,18.739999771118164,18.799999237060547,17.85089111328125,1217500,UBS
2022-12-30,18.709999084472656,18.799999237060547,18.549999237060547,18.670000076293945,17.727455139160156,1592400,UBS
2023-01-03,19.020000457763672,19.174999237060547,18.850000381469727,18.959999084472656,18.00281524658203,2006000,UBS
2023-01-04,19.520000457763672,19.709999084472656,19.479999542236328,19.690000534057617,18.695960998535156,2567800,UBS
2023-01-05,19.510000228881836,19.56999969482422,19.413000106811523,19.559999465942383,18.57252311706543,1910000,UBS
2023-01-06,19.40999984741211,19.93000030517578,19.360000610351562,19.889999389648438,18.885862350463867,2614200,UBS
2023-01-09,20.149999618530273,20.267000198364258,19.979999542236328,19.989999771118164,18.98081398010254,2929800,UBS
2023-01-10,20.06999969482422,20.25,20.0,20.239999771118164,19.21819496154785,1786900,UBS
2023-01-11,20.299999237060547,20.440000534057617,20.270000457763672,20.420000076293945,19.389108657836914,1649200,UBS
2023-01-12,20.559999465942383,20.690000534057617,20.459999084472656,20.649999618530273,19.60749626159668,1840200,UBS
2023-01-13,20.350000381469727,20.790000915527344,20.31999969482422,20.780000686645508,19.730934143066406,1489700,UBS
2023-01-17,21.15999984741211,21.274999618530273,21.104999542236328,21.209999084472656,20.139225006103516,2427400,UBS
2023-01-18,21.700000762939453,21.709999084472656,21.290000915527344,21.299999237060547,20.224681854248047,3053300,UBS
2023-01-19,21.06999969482422,21.135000228881836,20.825000762939453,21.020000457763672,19.958816528320312,3337800,UBS
2023-01-20,20.969999313354492,21.190000534057617,20.90999984741211,21.170000076293945,20.101245880126953,3232600,UBS
2023-01-23,21.040000915527344,21.270000457763672,21.0,21.25,20.17720603942871,2108400,UBS
2023-01-24,21.079999923706055,21.329999923706055,21.040000915527344,21.229999542236328,20.15821647644043,1540900,UBS
2023-01-25,21.030000686645508,21.3799991607666,21.030000686645508,21.360000610351562,20.281654357910156,2348000,UBS
2023-01-26,21.530000686645508,21.68000030517578,21.364999771118164,21.68000030517578,20.58549690246582,1517300,UBS
2023-01-27,21.360000610351562,21.520000457763672,21.315000534057617,21.440000534057617,20.357614517211914,1704300,UBS
2023-01-30,21.350000381469727,21.5,21.280000686645508,21.280000686645508,20.205692291259766,1790600,UBS
2023-01-31,21.049999237060547,21.459999084472656,20.989999771118164,21.459999084472656,20.376604080200195,3042600,UBS
2023-02-01,21.290000915527344,21.799999237060547,21.239999771118164,21.700000762939453,20.604488372802734,3057000,UBS
2023-02-02,21.799999237060547,21.850000381469727,21.545000076293945,21.690000534057617,20.594993591308594,2721800,UBS
2023-02-03,21.5,21.84000015258789,21.489999771118164,21.700000762939453,20.604488372802734,2021400,UBS
2023-02-06,21.350000381469727,21.440000534057617,21.214000701904297,21.40999984741211,20.32912826538086,1942800,UBS
2023-02-07,21.40999984741211,21.73699951171875,21.360000610351562,21.690000534057617,20.594993591308594,1572300,UBS
2023-02-08,21.65999984741211,21.75,21.584999084472656,21.6299991607666,20.538021087646484,1366500,UBS
2023-02-09,22.0,22.010000228881836,21.610000610351562,21.68000030517578,20.58549690246582,1619100,UBS
2023-02-10,21.579999923706055,21.6200008392334,21.469999313354492,21.579999923706055,20.49054527282715,1392800,UBS
2023-02-13,21.6299991607666,21.8799991607666,21.610000610351562,21.8700008392334,20.765905380249023,1435600,UBS
2023-02-14,21.8700008392334,22.21500015258789,21.850000381469727,22.100000381469727,20.98429298400879,2110000,UBS
2023-02-15,21.829999923706055,22.06999969482422,21.799999237060547,22.06999969482422,20.955806732177734,1295300,UBS
2023-02-16,21.84000015258789,22.15999984741211,21.84000015258789,21.93000030517578,20.8228759765625,1815200,UBS
2023-02-17,21.799999237060547,21.96500015258789,21.764999389648438,21.940000534057617,20.83237075805664,1007800,UBS
2023-02-21,21.700000762939453,21.884000778198242,21.655000686645508,21.709999084472656,20.613981246948242,1058800,UBS
2023-02-22,21.530000686645508,21.610000610351562,21.385000228881836,21.459999084472656,20.376604080200195,1014200,UBS
2023-02-23,21.600000381469727,21.700000762939453,21.469999313354492,21.6299991607666,20.538021087646484,952500,UBS
2023-02-24,21.31999969482422,21.440000534057617,21.280000686645508,21.40999984741211,20.32912826538086,1063300,UBS
2023-02-27,21.770000457763672,21.850000381469727,21.652999877929688,21.729999542236328,20.632972717285156,1069500,UBS
2023-02-28,21.920000076293945,21.950000762939453,21.764999389648438,21.780000686645508,20.680448532104492,1533900,UBS
2023-03-01,21.709999084472656,21.795000076293945,21.559999465942383,21.610000610351562,20.519031524658203,1757900,UBS
2023-03-02,21.280000686645508,21.469999313354492,21.225000381469727,21.459999084472656,20.376604080200195,2898300,UBS
2023-03-03,21.75,22.15999984741211,21.65999984741211,22.1200008392334,21.003284454345703,4655200,UBS
2023-03-06,22.200000762939453,22.29800033569336,22.118999481201172,22.15999984741211,21.041263580322266,1719000,UBS
2023-03-07,22.0,22.040000915527344,21.469999313354492,21.559999465942383,20.471555709838867,3464300,UBS
2023-03-08,21.489999771118164,21.56999969482422,21.299999237060547,21.389999389648438,20.310136795043945,4103900,UBS
2023-03-09,21.3700008392334,21.531999588012695,20.8700008392334,20.93000030517578,19.87335968017578,4715000,UBS
2023-03-10,20.920000076293945,20.950000762939453,20.15999984741211,20.34000015258789,19.313146591186523,6549300,UBS
2023-03-13,19.489999771118164,19.68000030517578,19.28499984741211,19.360000610351562,18.38262176513672,6403400,UBS
2023-03-14,19.969999313354492,20.125,19.7549991607666,19.989999771118164,18.98081398010254,5447800,UBS
2023-03-15,18.149999618530273,18.729999542236328,17.989999771118164,18.729999542236328,17.784425735473633,13524200,UBS
2023-03-16,18.3700008392334,19.260000228881836,18.219999313354492,19.260000228881836,18.287670135498047,8110300,UBS
2023-03-17,18.399999618530273,18.540000915527344,18.1299991607666,18.200000762939453,17.28118324279785,6349500,UBS
2023-03-20,19.06999969482422,19.760000228881836,18.610000610351562,18.799999237060547,17.85089111328125,40634500,UBS
2023-03-21,20.1200008392334,21.270000457763672,19.969999313354492,21.049999237060547,19.987300872802734,18615300,UBS
2023-03-22,20.440000534057617,20.729999542236328,20.1200008392334,20.399999618530273,19.3701171875,14634400,UBS
2023-03-23,19.850000381469727,19.950000762939453,18.959999084472656,19.170000076293945,18.202213287353516,11781000,UBS
2023-03-24,18.6299991607666,19.1299991607666,18.270000457763672,18.989999771118164,18.031301498413086,9745000,UBS
2023-03-27,19.110000610351562,19.510000228881836,18.989999771118164,19.399999618530273,18.42060089111328,7225700,UBS
2023-03-28,19.209999084472656,19.43000030517578,19.145000457763672,19.270000457763672,18.297164916992188,4932900,UBS
2023-03-29,20.200000762939453,20.257999420166016,19.94499969482422,20.100000381469727,19.085264205932617,4545400,UBS
2023-03-30,20.760000228881836,20.905000686645508,20.385000228881836,20.510000228881836,19.474563598632812,6084800,UBS
2023-03-31,20.899999618530273,21.34000015258789,20.799999237060547,21.34000015258789,20.262662887573242,6855600,UBS
2023-04-03,20.6299991607666,20.979999542236328,20.6200008392334,20.700000762939453,19.654972076416016,6845900,UBS
2023-04-04,20.889999389648438,21.030000686645508,20.739999771118164,21.0,19.9398250579834,4973000,UBS
2023-04-05,20.969999313354492,21.0,20.6200008392334,20.790000915527344,19.740428924560547,3355600,UBS
2023-04-06,20.850000381469727,20.979999542236328,20.709999084472656,20.760000228881836,19.711942672729492,3651600,UBS
2023-04-10,20.43000030517578,20.7549991607666,20.341999053955078,20.700000762939453,19.654972076416016,2134800,UBS
2023-04-11,21.190000534057617,21.584999084472656,21.010000228881836,21.5,20.41458511352539,7116100,UBS
2023-04-12,21.280000686645508,21.440000534057617,21.094999313354492,21.270000457763672,20.726408004760742,7059800,UBS
2023-04-13,21.40999984741211,21.6299991607666,21.34000015258789,21.6299991607666,21.077205657958984,4694500,UBS
2023-04-14,21.969999313354492,22.149999618530273,21.75,21.90999984741211,21.35004997253418,4674400,UBS
2023-04-17,20.799999237060547,21.139999389648438,20.639999389648438,21.079999923706055,20.541261672973633,6431800,UBS
2023-04-18,21.079999923706055,21.170000076293945,20.940000534057617,21.010000228881836,20.473051071166992,6270600,UBS
2023-04-19,20.690000534057617,20.860000610351562,20.649999618530273,20.81999969482422,20.287906646728516,5773500,UBS
2023-04-20,20.389999389648438,20.56999969482422,20.18000030517578,20.360000610351562,19.839664459228516,5789000,UBS
2023-04-21,20.219999313354492,20.350000381469727,20.139999389648438,20.290000915527344,19.771453857421875,3207000,UBS
2023-04-24,20.6200008392334,20.725000381469727,20.385000228881836,20.559999465942383,20.0345516204834,3642400,UBS
2023-04-25,20.43000030517578,20.479999542236328,19.59000015258789,19.600000381469727,19.09908676147461,4753100,UBS
2023-04-26,20.25,20.30500030517578,19.905000686645508,19.959999084472656,19.44988441467285,4404900,UBS
2023-04-27,20.059999465942383,20.329999923706055,19.975000381469727,20.309999465942383,19.79094123840332,3792200,UBS
2023-04-28,20.1299991607666,20.34000015258789,20.079999923706055,20.25,19.73247528076172,2688800,UBS
2023-05-01,20.280000686645508,20.40999984741211,20.020000457763672,20.040000915527344,19.527843475341797,2582100,UBS
2023-05-02,20.170000076293945,20.170000076293945,19.7450008392334,19.90999984741211,19.40116310119629,4026400,UBS
2023-05-03,19.530000686645508,19.719999313354492,19.34000015258789,19.350000381469727,18.85547637939453,3753600,UBS
2023-05-04,19.06999969482422,19.135000228881836,18.709999084472656,18.959999084472656,18.47544288635254,5909300,UBS
2023-05-05,19.31999969482422,19.760000228881836,19.290000915527344,19.719999313354492,19.216018676757812,5540900,UBS
2023-05-08,19.579999923706055,19.700000762939453,19.575000762939453,19.65999984741211,19.15755271911621,2300600,UBS
2023-05-09,19.389999389648438,19.690000534057617,19.360000610351562,19.600000381469727,19.09908676147461,2357600,UBS
2023-05-10,19.639999389648438,19.68000030517578,19.229999542236328,19.389999389648438,18.894453048706055,2288600,UBS
2023-05-11,19.049999237060547,19.25,18.989999771118164,19.190000534057617,18.699565887451172,1927500,UBS
2023-05-12,19.350000381469727,19.360000610351562,19.072999954223633,19.15999984741211,18.670331954956055,1717600,UBS
2023-05-15,19.18000030517578,19.40999984741211,19.149999618530273,19.3799991607666,18.884708404541016,1920200,UBS
2023-05-16,19.229999542236328,19.290000915527344,19.049999237060547,19.100000381469727,18.611865997314453,1666800,UBS
2023-05-17,19.139999389648438,19.559999465942383,19.1299991607666,19.540000915527344,19.040620803833008,1897300,UBS
2023-05-18,19.610000610351562,19.709999084472656,19.510000228881836,19.68000030517578,19.17704200744629,2101300,UBS
2023-05-19,20.1299991607666,20.165000915527344,19.950000762939453,20.09000015258789,19.57656478881836,4261100,UBS
2023-05-22,20.139999389648438,20.209999084472656,20.049999237060547,20.190000534057617,19.674009323120117,2112700,UBS
2023-05-23,20.040000915527344,20.18000030517578,19.8700008392334,19.8700008392334,19.362186431884766,2031700,UBS
2023-05-24,19.84000015258789,19.850000381469727,19.604999542236328,19.670000076293945,19.16729736328125,2459000,UBS
2023-05-25,19.65999984741211,19.71500015258789,19.43000030517578,19.600000381469727,19.09908676147461,2029600,UBS
2023-05-26,19.579999923706055,19.90999984741211,19.56999969482422,19.850000381469727,19.342697143554688,1348700,UBS
2023-05-30,19.75,19.819000244140625,19.399999618530273,19.469999313354492,18.972408294677734,2273700,UBS
2023-05-31,19.059999465942383,19.079999923706055,18.764999389648438,18.90999984741211,18.426721572875977,3336800,UBS
2023-06-01,19.290000915527344,19.6299991607666,19.239999771118164,19.520000457763672,19.02113151550293,2428700,UBS
2023-06-02,19.8799991607666,20.040000915527344,19.81999969482422,19.969999313354492,19.45962905883789,2359900,UBS
2023-06-05,20.040000915527344,20.09000015258789,19.924999237060547,20.0,19.48886489868164,2212800,UBS
2023-06-06,19.979999542236328,20.299999237060547,19.950000762939453,20.299999237060547,19.78119659423828,2715600,UBS
2023-06-07,20.18000030517578,20.31999969482422,20.114999771118164,20.260000228881836,19.742219924926758,4003100,UBS
2023-06-08,20.31999969482422,20.329999923706055,20.170000076293945,20.25,19.73247528076172,2993500,UBS
2023-06-09,20.149999618530273,20.325000762939453,20.139999389648438,20.190000534057617,19.674009323120117,3108700,UBS
2023-06-12,20.239999771118164,20.344999313354492,20.141000747680664,20.290000915527344,19.771453857421875,2258900,UBS
2023-06-13,20.31999969482422,20.46500015258789,20.25,20.280000686645508,19.761709213256836,2983800,UBS
2023-06-14,20.5,20.684999465942383,20.389999389648438,20.489999771118164,19.966341018676758,3186300,UBS
2023-06-15,20.290000915527344,20.459999084472656,20.239999771118164,20.420000076293945,19.898130416870117,4505000,UBS
2023-06-16,20.56999969482422,20.579999923706055,20.389999389648438,20.40999984741211,19.888385772705078,2525100,UBS
2023-06-20,20.34000015258789,20.350000381469727,20.059999465942383,20.09000015258789,19.57656478881836,2602900,UBS
2023-06-21,20.09000015258789,20.170000076293945,20.030000686645508,20.049999237060547,19.537586212158203,1793800,UBS
2023-06-22,19.940000534057617,19.989999771118164,19.84000015258789,19.899999618530273,19.39141845703125,2710300,UBS
2023-06-23,19.75,19.834999084472656,19.690000534057617,19.760000228881836,19.25499725341797,2532400,UBS
2023-06-26,19.6299991607666,19.770000457763672,19.559999465942383,19.559999465942383,19.060108184814453,2374500,UBS
2023-06-27,19.549999237060547,19.979999542236328,19.479999542236328,19.8799991607666,19.371929168701172,4054100,UBS
2023-06-28,19.780000686645508,19.8799991607666,19.75,19.829999923706055,19.32320785522461,2251500,UBS
2023-06-29,19.81999969482422,20.040000915527344,19.809999465942383,20.010000228881836,19.49860954284668,2347500,UBS
2023-06-30,20.209999084472656,20.31999969482422,20.18000030517578,20.270000457763672,19.751964569091797,2347900,UBS
2023-07-03,20.34000015258789,20.475000381469727,20.27199935913086,20.469999313354492,19.94685173034668,1366100,UBS
2023-07-05,20.1200008392334,20.139999389648438,19.8700008392334,19.889999389648438,19.38167381286621,1965100,UBS
2023-07-06,19.600000381469727,19.610000610351562,19.2549991607666,19.389999389648438,18.894453048706055,2375700,UBS
2023-07-07,19.670000076293945,19.93000030517578,19.649999618530273,19.850000381469727,19.342697143554688,2994200,UBS
2023-07-10,19.920000076293945,20.06999969482422,19.905000686645508,20.040000915527344,19.527843475341797,2221400,UBS
2023-07-11,20.239999771118164,20.350000381469727,20.172000885009766,20.309999465942383,19.79094123840332,2015700,UBS
2023-07-12,20.649999618530273,20.889999389648438,20.639999389648438,20.690000534057617,20.161230087280273,2007600,UBS
2023-07-13,21.010000228881836,21.139999389648438,20.975000381469727,21.139999389648438,20.599729537963867,1899300,UBS
2023-07-14,21.170000076293945,21.18000030517578,20.850000381469727,20.90999984741211,20.375606536865234,2389900,UBS
2023-07-17,21.06999969482422,21.139999389648438,21.024999618530273,21.059999465942383,20.521772384643555,1934100,UBS
2023-07-18,21.079999923706055,21.3700008392334,21.059999465942383,21.329999923706055,20.784873962402344,1865400,UBS
2023-07-19,21.420000076293945,21.459999084472656,21.264999389648438,21.329999923706055,20.784873962402344,1919500,UBS
2023-07-20,21.360000610351562,21.450000762939453,21.190000534057617,21.239999771118164,20.697174072265625,3309800,UBS
2023-07-21,21.43000030517578,21.440000534057617,21.270000457763672,21.290000915527344,20.74589729309082,1567200,UBS
2023-07-24,21.469999313354492,21.540000915527344,21.3700008392334,21.420000076293945,20.872573852539062,2787800,UBS
2023-07-25,21.68000030517578,21.780000686645508,21.6200008392334,21.709999084472656,21.155160903930664,2218700,UBS
2023-07-26,21.6299991607666,21.940000534057617,21.59000015258789,21.899999618530273,21.34030532836914,1875600,UBS
2023-07-27,22.079999923706055,22.09000015258789,21.639999389648438,21.719999313354492,21.164905548095703,2136300,UBS
2023-07-28,22.110000610351562,22.270000457763672,22.049999237060547,22.260000228881836,21.691104888916016,2956900,UBS
2023-07-31,22.059999465942383,22.209999084472656,22.05500030517578,22.170000076293945,21.603404998779297,1654000,UBS
2023-08-01,22.0,22.059999465942383,21.75,21.860000610351562,21.301328659057617,2237100,UBS
2023-08-02,21.5,21.545000076293945,21.34000015258789,21.40999984741211,20.862829208374023,3702000,UBS
2023-08-03,21.43000030517578,21.697999954223633,21.34000015258789,21.65999984741211,21.1064395904541,2009100,UBS
2023-08-04,21.850000381469727,22.1299991607666,21.80500030517578,21.8799991607666,21.320816040039062,2168900,UBS
2023-08-07,22.020000457763672,22.200000762939453,22.0,22.170000076293945,21.603404998779297,1602300,UBS
2023-08-08,21.809999465942383,22.030000686645508,21.69499969482422,22.030000686645508,21.466983795166016,2223500,UBS
2023-08-09,22.110000610351562,22.174999237060547,21.93000030517578,21.959999084472656,21.398771286010742,1380300,UBS
2023-08-10,22.270000457763672,22.399999618530273,22.040000915527344,22.1200008392334,21.554683685302734,2085000,UBS
2023-08-11,23.0,23.3700008392334,22.899999618530273,23.360000610351562,22.76299285888672,5948100,UBS
2023-08-14,23.25,23.6299991607666,23.209999084472656,23.59000015258789,22.98711585998535,3531900,UBS
2023-08-15,23.479999542236328,23.549999237060547,23.190000534057617,23.40999984741211,22.81171417236328,4225500,UBS
2023-08-16,23.469999313354492,23.64699935913086,23.3799991607666,23.399999618530273,22.801969528198242,2354700,UBS
2023-08-17,23.559999465942383,23.735000610351562,23.389999389648438,23.5,22.899415969848633,3319400,UBS
2023-08-18,23.170000076293945,23.5049991607666,23.139999389648438,23.43000030517578,22.83120346069336,2159000,UBS
2023-08-21,23.450000762939453,23.549999237060547,23.290000915527344,23.489999771118164,22.889671325683594,2089600,UBS
2023-08-22,23.850000381469727,23.940000534057617,23.690000534057617,23.729999542236328,23.123537063598633,2688400,UBS
2023-08-23,24.059999465942383,24.344999313354492,24.059999465942383,24.31999969482422,23.698457717895508,2128600,UBS
2023-08-24,24.81999969482422,25.020000457763672,24.600000381469727,24.649999618530273,24.0200252532959,4329700,UBS
2023-08-25,24.5,24.65999984741211,24.200000762939453,24.579999923706055,23.951814651489258,4430200,UBS
2023-08-28,24.579999923706055,25.030000686645508,24.545000076293945,24.93000030517578,24.292869567871094,4333300,UBS
2023-08-29,24.709999084472656,25.190000534057617,24.709999084472656,25.139999389648438,24.497501373291016,4486500,UBS
2023-08-30,25.299999237060547,25.405000686645508,25.15999984741211,25.290000915527344,24.64366912841797,4901100,UBS
2023-08-31,26.600000381469727,26.969999313354492,26.3799991607666,26.709999084472656,26.027376174926758,9977200,UBS
2023-09-01,26.329999923706055,26.639999389648438,26.31999969482422,26.34000015258789,25.666833877563477,4695600,UBS
2023-09-05,26.690000534057617,26.739999771118164,26.395000457763672,26.399999618530273,25.725299835205078,4005400,UBS
2023-09-06,25.959999084472656,26.100000381469727,25.69499969482422,25.809999465942383,25.150379180908203,4104300,UBS
2023-09-07,25.6200008392334,25.770000457763672,25.530000686645508,25.739999771118164,25.082168579101562,3332600,UBS
2023-09-08,25.3700008392334,25.59000015258789,25.219999313354492,25.5,24.84830093383789,3050200,UBS
2023-09-11,25.709999084472656,25.860000610351562,25.551000595092773,25.6200008392334,24.965234756469727,3446500,UBS
2023-09-12,25.6200008392334,25.950000762939453,25.559999465942383,25.790000915527344,25.130891799926758,3087300,UBS
2023-09-13,26.09000015258789,26.2450008392334,25.899999618530273,25.989999771118164,25.32577896118164,3077400,UBS
2023-09-14,26.219999313354492,26.325000762939453,26.139999389648438,26.190000534057617,25.520668029785156,2677400,UBS
2023-09-15,26.040000915527344,26.344999313354492,25.940000534057617,26.020000457763672,25.355012893676758,4416700,UBS
2023-09-18,26.010000228881836,26.111000061035156,25.888999938964844,25.969999313354492,25.306289672851562,2390000,UBS
2023-09-19,25.989999771118164,26.110000610351562,25.959999084472656,26.059999465942383,25.39398956298828,2638000,UBS
2023-09-20,26.350000381469727,26.575000762939453,26.15999984741211,26.18000030517578,25.510923385620117,2922100,UBS
2023-09-21,25.799999237060547,25.8799991607666,25.639999389648438,25.65999984741211,25.00421142578125,2703600,UBS
2023-09-22,25.56999969482422,25.614999771118164,25.31999969482422,25.350000381469727,24.70213508605957,2207300,UBS
2023-09-25,25.239999771118164,25.395000457763672,25.111000061035156,25.3700008392334,24.72162437438965,1984400,UBS
2023-09-26,25.040000915527344,25.270000457763672,25.0,25.06999969482422,24.429290771484375,3063700,UBS
2023-09-27,24.229999542236328,24.364999771118164,24.030000686645508,24.34000015258789,23.717947006225586,6756200,UBS
2023-09-28,24.440000534057617,24.84000015258789,24.3799991607666,24.700000762939453,24.068748474121094,2828100,UBS
2023-09-29,24.920000076293945,24.940000534057617,24.575000762939453,24.649999618530273,24.0200252532959,2676700,UBS
2023-10-02,24.59000015258789,24.68000030517578,24.274999618530273,24.360000610351562,23.737436294555664,3140700,UBS
2023-10-03,23.979999542236328,24.059999465942383,23.71500015258789,23.850000381469727,23.24047088623047,4418900,UBS
2023-10-04,24.0,24.020000457763672,23.75,23.950000762939453,23.337915420532227,2689100,UBS
2023-10-05,23.8700008392334,24.1200008392334,23.8700008392334,24.079999923706055,23.46459197998047,2427100,UBS
2023-10-06,24.280000686645508,24.68000030517578,24.110000610351562,24.59000015258789,23.961559295654297,4454500,UBS
2023-10-09,24.3700008392334,24.6299991607666,24.274999618530273,24.6200008392334,23.990793228149414,2761600,UBS
2023-10-10,24.719999313354492,24.8700008392334,24.67099952697754,24.709999084472656,24.0784912109375,2611300,UBS
2023-10-11,25.1299991607666,25.295000076293945,25.052000045776367,25.229999542236328,24.585201263427734,2906400,UBS
2023-10-12,25.010000228881836,25.030000686645508,24.6299991607666,24.790000915527344,24.156448364257812,2666200,UBS
2023-10-13,24.479999542236328,24.604999542236328,24.219999313354492,24.309999465942383,23.68871307373047,3270300,UBS
2023-10-16,24.760000228881836,25.0,24.709999084472656,24.920000076293945,24.283124923706055,2462300,UBS
2023-10-17,24.719999313354492,25.209999084472656,24.719999313354492,25.06999969482422,24.429290771484375,2900600,UBS
2023-10-18,24.760000228881836,24.790000915527344,24.31999969482422,24.389999389648438,23.76666831970215,3946000,UBS
2023-10-19,24.15999984741211,24.395000457763672,24.010000228881836,24.049999237060547,23.43535804748535,3293400,UBS
2023-10-20,23.8700008392334,23.96500015258789,23.600000381469727,23.719999313354492,23.113792419433594,2992500,UBS
2023-10-23,23.6299991607666,23.908000946044922,23.55500030517578,23.639999389648438,23.035837173461914,2003500,UBS
2023-10-24,23.6200008392334,23.84000015258789,23.55500030517578,23.829999923706055,23.22098159790039,2630100,UBS
2023-10-25,23.860000610351562,23.9950008392334,23.665000915527344,23.790000915527344,23.182004928588867,1870200,UBS
2023-10-26,23.709999084472656,23.854999542236328,23.545000076293945,23.600000381469727,22.99686050415039,2632800,UBS
2023-10-27,23.65999984741211,23.69300079345703,23.280000686645508,23.360000610351562,22.76299285888672,2178200,UBS
2023-10-30,23.549999237060547,23.739999771118164,23.520000457763672,23.709999084472656,23.104047775268555,1913700,UBS
2023-10-31,23.350000381469727,23.479999542236328,23.229999542236328,23.459999084472656,22.860437393188477,3011800,UBS
2023-11-01,23.780000686645508,24.114999771118164,23.735000610351562,24.030000686645508,23.415870666503906,3127300,UBS
2023-11-02,24.1299991607666,24.329999923706055,24.093000411987305,24.299999237060547,23.67896842956543,3221200,UBS
2023-11-03,24.280000686645508,24.56999969482422,24.280000686645508,24.469999313354492,23.844623565673828,3344100,UBS
2023-11-06,24.469999313354492,24.5,24.290000915527344,24.350000381469727,23.727691650390625,2417300,UBS
2023-11-07,24.979999542236328,25.277000427246094,24.645000457763672,24.920000076293945,24.283124923706055,3768200,UBS
2023-11-08,24.760000228881836,25.024999618530273,24.7450008392334,24.780000686645508,24.146703720092773,2634700,UBS
2023-11-09,24.780000686645508,24.885000228881836,24.5,24.510000228881836,23.883602142333984,2270800,UBS
2023-11-10,24.440000534057617,24.545000076293945,24.229999542236328,24.540000915527344,23.9128360748291,1334700,UBS
2023-11-13,24.1200008392334,24.299999237060547,24.06999969482422,24.110000610351562,23.493825912475586,1968200,UBS
2023-11-14,24.399999618530273,24.959999084472656,24.3799991607666,24.889999389648438,24.253890991210938,3016600,UBS
2023-11-15,25.329999923706055,25.56999969482422,25.239999771118164,25.459999084472656,24.809322357177734,3994000,UBS
2023-11-16,25.350000381469727,25.450000762939453,25.264999389648438,25.440000534057617,24.78983497619629,2111300,UBS
2023-11-17,25.889999389648438,26.2450008392334,25.860000610351562,26.190000534057617,25.520668029785156,2803600,UBS
2023-11-20,26.18000030517578,26.34000015258789,26.139999389648438,26.209999084472656,25.5401554107666,1768200,UBS
2023-11-21,26.09000015258789,26.170000076293945,25.940000534057617,25.940000534057617,25.277057647705078,1532500,UBS
2023-11-22,26.09000015258789,26.139999389648438,25.979999542236328,26.09000015258789,25.4232234954834,1574100,UBS
2023-11-24,26.420000076293945,26.485000610351562,26.31999969482422,26.329999923706055,25.657089233398438,1307700,UBS
2023-11-27,26.149999618530273,26.229999542236328,26.049999237060547,26.18000030517578,25.510923385620117,1315400,UBS
2023-11-28,26.309999465942383,26.44499969482422,26.235000610351562,26.299999237060547,25.62785530090332,2041300,UBS
2023-11-29,26.8799991607666,27.4950008392334,26.854999542236328,27.350000381469727,26.65102195739746,3678700,UBS
2023-11-30,28.079999923706055,28.454999923706055,27.899999618530273,28.25,27.52802085876465,6111200,UBS
2023-12-01,28.329999923706055,28.735000610351562,28.280000686645508,28.68000030517578,27.947031021118164,3289600,UBS
2023-12-04,28.1200008392334,28.4950008392334,28.1200008392334,28.420000076293945,27.693675994873047,2597200,UBS
2023-12-05,27.780000686645508,27.850000381469727,27.459999084472656,27.719999313354492,27.011564254760742,3299000,UBS
2023-12-06,28.520000457763672,28.565000534057617,27.790000915527344,27.829999923706055,27.11875343322754,3598500,UBS
2023-12-07,27.90999984741211,28.18000030517578,27.885000228881836,28.170000076293945,27.45006561279297,1764900,UBS
2023-12-08,28.299999237060547,28.540000915527344,28.204999923706055,28.510000228881836,27.781375885009766,2540400,UBS
2023-12-11,28.479999542236328,28.584999084472656,28.385000228881836,28.479999542236328,27.75214195251465,2073200,UBS
2023-12-12,28.459999084472656,28.59000015258789,28.415000915527344,28.549999237060547,27.82035255432129,2755100,UBS
2023-12-13,28.690000534057617,29.065000534057617,28.440000534057617,28.959999084472656,28.219873428344727,2389300,UBS
2023-12-14,29.75,30.200000762939453,29.639999389648438,29.75,28.98968505859375,5712900,UBS
2023-12-15,29.579999923706055,29.735000610351562,29.219999313354492,29.280000686645508,28.53169822692871,6873800,UBS
2023-12-18,29.350000381469727,29.3700008392334,29.100000381469727,29.200000762939453,28.45374298095703,3511600,UBS
2023-12-19,30.139999389648438,30.93000030517578,30.0,30.709999084472656,29.92514991760254,12476100,UBS
2023-12-20,30.5,30.850000381469727,30.280000686645508,30.329999923706055,29.55486297607422,7621100,UBS
2023-12-21,30.739999771118164,30.825000762939453,30.454999923706055,30.670000076293945,29.886173248291016,4531200,UBS
2023-12-22,30.760000228881836,31.1299991607666,30.725000381469727,30.889999389648438,30.100549697875977,4259000,UBS
2023-12-26,30.790000915527344,31.149999618530273,30.790000915527344,31.040000915527344,30.24671745300293,4223600,UBS
2023-12-27,30.940000534057617,31.395000457763672,30.915000915527344,31.190000534057617,30.39288330078125,4925300,UBS
2023-12-28,31.09000015258789,31.23900032043457,30.790000915527344,30.90999984741211,30.120038986206055,5504900,UBS
2023-12-29,30.979999542236328,31.26799964904785,30.799999237060547,30.899999618530273,30.110294342041016,5932500,UBS
2024-01-02,30.600000381469727,30.6200008392334,30.3799991607666,30.399999618530273,29.62307357788086,3973900,UBS
2024-01-03,29.489999771118164,29.540000915527344,29.06999969482422,29.299999237060547,28.551185607910156,6129300,UBS
2024-01-04,29.510000228881836,29.94499969482422,29.489999771118164,29.56999969482422,28.814285278320312,3917800,UBS
